filename;healthy;pear_slug;leaf_spot;curl;severity_0;severity_1;severity_2;severity_3;severity_4
u2.jpg;0;0;1;0;0;1;0;0;0
u4.jpg;0;0;1;0;0;1;0;0;0
u6.jpg;0;0;1;0;0;1;0;0;0
u8.jpg;0;0;1;0;0;0;1;0;0
u10.jpg;0;0;1;0;0;1;0;0;0
u12.jpg;0;0;1;0;0;1;0;0;0
u14.jpg;0;0;1;0;0;1;0;0;0
u16.jpg;0;0;1;0;0;1;0;0;0
u18.jpg;0;0;1;0;0;1;0;0;0
u20.jpg;0;0;1;0;0;1;0;0;0
u21.jpg;0;1;0;0;0;0;1;0;0
u22.jpg;0;1;0;0;0;0;1;0;0
u23.jpg;0;0;1;0;0;1;0;0;0
u24.jpg;0;0;1;0;0;1;0;0;0
u26.jpg;0;0;1;0;0;1;0;0;0
u27.jpg;0;0;1;0;0;1;0;0;0
u28.jpg;0;0;1;0;0;1;0;0;0
u29.jpg;0;0;1;0;0;1;0;0;0
u30.jpg;0;0;1;0;0;1;0;0;0
u31.jpg;0;0;1;0;0;1;0;0;0
u32.jpg;0;0;1;0;0;1;0;0;0
u33.jpg;0;0;1;0;0;1;0;0;0
u34.jpg;0;0;1;0;0;1;0;0;0
u35.jpg;0;0;1;0;0;0;1;0;0
u36.jpg;0;0;1;0;0;1;0;0;0
u37.jpg;0;0;1;0;0;1;0;0;0
u38.jpg;0;1;0;0;0;1;0;0;0
u39.jpg;0;0;1;0;0;1;0;0;0
u40.jpg;0;0;1;0;0;0;1;0;0
u41.jpg;0;0;1;0;0;0;1;0;0
u42.jpg;0;0;1;0;0;0;1;0;0
u43.jpg;0;0;1;0;0;1;0;0;0
u44.jpg;0;0;1;0;0;0;1;0;0
u45.jpg;0;0;1;0;0;1;0;0;0
u46.jpg;0;0;1;0;0;1;0;0;0
u47.jpg;0;0;1;0;0;1;0;0;0
u48.jpg;0;0;1;0;0;1;0;0;0
u49.jpg;0;0;1;0;0;1;0;0;0
u50.jpg;0;0;1;0;0;1;0;0;0
u51.jpg;0;0;1;0;0;1;0;0;0
u52.jpg;0;0;1;0;0;0;1;0;0
u53.jpg;0;0;1;0;0;0;1;0;0
u54.jpg;0;0;1;0;0;0;1;0;0
u55.jpg;0;0;1;0;0;1;0;0;0
u56.jpg;0;0;1;0;0;1;0;0;0
u57.jpg;0;0;1;0;0;1;0;0;0
u58.jpg;0;0;1;0;0;1;0;0;0
u60.jpg;0;0;1;0;0;1;0;0;0
u61.jpg;0;0;1;0;0;1;0;0;0
u62.jpg;0;0;1;0;0;1;0;0;0
u63.jpg;0;1;0;0;0;1;0;0;0
u64.jpg;0;0;1;0;0;1;0;0;0
u65.jpg;0;0;1;0;0;1;0;0;0
u66.jpg;0;0;1;0;0;1;0;0;0
u67.jpg;0;0;1;0;0;1;0;0;0
u68.jpg;0;0;1;0;0;1;0;0;0
u69.jpg;0;1;0;0;0;1;0;0;0
u71.jpg;0;0;1;0;0;1;0;0;0
u73.jpg;0;0;1;0;0;1;0;0;0
u75.jpg;0;0;1;0;0;0;1;0;0
u77.jpg;0;0;1;0;0;0;1;0;0
u79.jpg;0;0;1;0;0;0;1;0;0
u81.jpg;0;0;1;0;0;1;0;0;0
u83.jpg;0;0;1;0;0;0;1;0;0
u85.jpg;0;0;1;0;0;1;0;0;0
u87.jpg;0;0;1;0;0;1;0;0;0
u89.jpg;0;0;1;0;0;0;1;0;0
u91.jpg;0;0;1;0;0;1;0;0;0
u93.jpg;0;0;1;0;0;1;0;0;0
u95.jpg;0;0;1;0;0;1;0;0;0
u97.jpg;0;0;1;0;0;1;0;0;0
u99.jpg;0;0;1;0;0;0;1;0;0
u101.jpg;0;0;1;0;0;1;0;0;0
u103.jpg;0;0;1;0;0;1;0;0;0
u105.jpg;0;0;1;0;0;0;1;0;0
u107.jpg;0;0;1;0;0;1;0;0;0
u109.jpg;0;0;1;0;0;1;0;0;0
u111.jpg;0;0;1;0;0;1;0;0;0
u113.jpg;0;0;1;0;0;0;1;0;0
u115.jpg;0;0;1;0;0;1;0;0;0
u117.jpg;0;0;1;0;0;1;0;0;0
u119.jpg;0;0;1;0;0;1;0;0;0
u129.jpg;0;0;1;0;0;1;0;0;0
u131.jpg;0;0;1;0;0;0;1;0;0
u133.jpg;0;0;1;0;0;0;1;0;0
u135.jpg;0;0;1;0;0;1;0;0;0
u137.jpg;0;0;1;0;0;0;1;0;0
u139.jpg;0;0;1;0;0;1;0;0;0
u141.jpg;0;0;1;0;0;1;0;0;0
u143.jpg;0;0;1;0;0;0;1;0;0
u145.jpg;0;0;1;0;0;1;0;0;0
u147.jpg;0;0;1;0;0;1;0;0;0
u149.jpg;0;0;1;0;0;1;0;0;0
u151.jpg;0;0;1;0;0;1;0;0;0
u153.jpg;0;0;1;0;0;1;0;0;0
u155.jpg;0;0;1;0;0;1;0;0;0
u157.jpg;0;0;1;0;0;0;1;0;0
u159.jpg;0;0;1;0;0;0;1;0;0
u161.jpg;0;0;1;0;0;1;0;0;0
u163.jpg;0;0;1;0;0;1;0;0;0
u165.jpg;0;0;1;0;0;1;0;0;0
u167.jpg;0;0;1;0;0;0;1;0;0
u171.jpg;0;0;1;0;0;1;0;0;0
u173.jpg;0;0;1;0;0;0;1;0;0
u175.jpg;0;0;1;0;0;0;1;0;0
u179.jpg;0;0;1;0;0;0;1;0;0
u181.jpg;0;0;1;0;0;0;1;0;0
u183.jpg;0;0;1;0;0;0;1;0;0
u184.jpg;0;0;1;0;0;1;0;0;0
u185.jpg;0;0;1;0;0;1;0;0;0
u186.jpg;0;0;1;0;0;0;0;1;0
u187.jpg;0;0;1;0;0;0;0;1;0
u188.jpg;0;0;1;0;0;0;0;1;0
u189.jpg;0;0;1;0;0;0;1;0;0
u190.jpg;0;0;1;0;0;0;0;1;0
u191.jpg;0;0;1;0;0;0;1;0;0
u192.jpg;0;0;1;0;0;0;1;0;0
u193.jpg;0;0;1;0;0;0;1;0;0
u194.jpg;0;0;1;0;0;0;1;0;0
u195.jpg;0;0;1;0;0;0;1;0;0
u196.jpg;0;0;1;0;0;1;0;0;0
u197.jpg;0;0;1;0;0;0;1;0;0
u198.jpg;0;0;1;0;0;0;1;0;0
u199.jpg;0;0;1;0;0;1;0;0;0
u200.jpg;0;0;1;0;0;1;0;0;0
u201.jpg;0;0;1;0;0;0;0;1;0
u202.jpg;0;0;1;0;0;0;1;0;0
u203.jpg;0;1;0;0;0;0;1;0;0
u204.jpg;0;1;0;0;0;0;1;0;0
u205.jpg;0;0;1;0;0;0;0;1;0
u206.jpg;0;0;1;0;0;0;0;1;0
u207.jpg;0;0;1;0;0;0;0;1;0
u208.jpg;0;0;1;0;0;0;0;0;1
u209.jpg;0;0;1;0;0;0;0;1;0
u210.jpg;0;0;1;0;0;0;1;0;0
u211.jpg;0;0;1;0;0;0;1;0;0
u212.jpg;0;0;1;0;0;0;1;0;0
u213.jpg;0;0;1;0;0;0;1;0;0
u214.jpg;0;0;1;0;0;0;1;0;0
u215.jpg;0;0;1;0;0;0;1;0;0
u216.jpg;0;1;0;0;0;1;0;0;0
u217.jpg;0;0;1;0;0;0;1;0;0
u218.jpg;0;0;1;0;0;0;1;0;0
u219.jpg;0;1;0;0;0;0;0;1;0
u220.jpg;0;0;1;0;0;1;0;0;0
u221.jpg;0;0;1;0;0;1;0;0;0
u222.jpg;0;0;1;0;0;0;1;0;0
u223.jpg;0;0;1;0;0;1;0;0;0
u224.jpg;0;0;1;0;0;1;0;0;0
u225.jpg;0;0;1;0;0;1;0;0;0
u226.jpg;0;0;1;0;0;1;0;0;0
u227.jpg;0;0;1;0;0;1;0;0;0
u228.jpg;0;0;1;0;0;0;1;0;0
u229.jpg;0;0;1;0;0;0;1;0;0
u230.jpg;0;0;1;0;0;1;0;0;0
u231.jpg;0;0;1;0;0;1;0;0;0
u232.jpg;0;0;1;0;0;0;1;0;0
u233.jpg;0;0;1;0;0;0;1;0;0
u234.jpg;0;0;1;0;0;0;1;0;0
u235.jpg;0;0;1;0;0;1;0;0;0
u236.jpg;0;0;1;0;0;0;0;1;0
u237.jpg;0;0;1;0;0;1;0;0;0
u238.jpg;0;0;1;0;0;1;0;0;0
u239.jpg;0;1;0;0;0;1;0;0;0
u240.jpg;0;0;1;0;0;0;1;0;0
u241.jpg;0;0;1;0;0;1;0;0;0
u242.jpg;0;0;1;0;0;1;0;0;0
u243.jpg;0;0;1;0;0;1;0;0;0
u244.jpg;0;0;1;0;0;1;0;0;0
u245.jpg;0;0;1;0;0;1;0;0;0
u246.jpg;0;0;1;0;0;0;1;0;0
u247.jpg;0;0;1;0;0;1;0;0;0
u248.jpg;0;0;1;0;0;1;0;0;0
u249.jpg;0;0;1;0;0;1;0;0;0
u250.jpg;0;0;1;0;0;1;0;0;0
u251.jpg;0;0;1;0;0;1;0;0;0
u252.jpg;0;0;1;0;0;1;0;0;0
u253.jpg;0;0;1;0;0;1;0;0;0
u254.jpg;0;0;1;0;0;1;0;0;0
u255.jpg;0;0;1;0;0;1;0;0;0
u256.jpg;0;0;1;0;0;0;0;1;0
u257.jpg;0;0;1;0;0;1;0;0;0
u258.jpg;0;0;1;0;0;0;1;0;0
u259.jpg;0;0;1;0;0;0;1;0;0
u260.jpg;0;0;1;0;0;0;1;0;0
u261.jpg;0;0;1;0;0;0;1;0;0
u262.jpg;0;1;0;0;0;0;1;0;0
u263.jpg;0;0;1;0;0;0;1;0;0
u264.jpg;0;0;1;0;0;1;0;0;0
u265.jpg;0;0;1;0;0;0;1;0;0
u266.jpg;0;0;1;0;0;1;0;0;0
u267.jpg;0;0;1;0;0;1;0;0;0
u268.jpg;0;0;1;0;0;1;0;0;0
u269.jpg;0;0;1;0;0;1;0;0;0
u270.jpg;0;0;1;0;0;1;0;0;0
u271.jpg;0;0;1;0;0;1;0;0;0
u272.jpg;0;0;1;0;0;1;0;0;0
u273.jpg;0;0;1;0;0;1;0;0;0
u274.jpg;0;0;1;0;0;1;0;0;0
u275.jpg;0;0;1;0;0;0;1;0;0
u276.jpg;0;1;0;0;0;0;1;0;0
u277.jpg;0;0;1;0;0;0;0;1;0
u278.jpg;0;1;0;0;0;1;0;0;0
u279.jpg;0;0;1;0;0;0;0;1;0
u280.jpg;0;0;1;0;0;0;1;0;0
u281.jpg;0;0;1;0;0;1;0;0;0
u282.jpg;0;0;1;0;0;0;0;1;0
u283.jpg;0;0;1;0;0;1;0;0;0
u284.jpg;0;0;1;0;0;0;0;1;0
u285.jpg;0;0;1;0;0;0;0;1;0
u286.jpg;0;0;1;0;0;0;1;0;0
u287.jpg;0;0;1;0;0;1;0;0;0
u288.jpg;0;0;1;0;0;0;1;0;0
u289.jpg;0;0;1;0;0;1;0;0;0
u290.jpg;0;0;1;0;0;1;0;0;0
u291.jpg;0;0;1;0;0;1;0;0;0
u292.jpg;0;0;1;0;0;0;1;0;0
u293.jpg;0;0;1;0;0;0;1;0;0
u294.jpg;0;1;0;0;0;0;1;0;0
u295.jpg;0;1;0;0;0;0;1;0;0
u296.jpg;0;1;0;0;0;0;1;0;0
u297.jpg;0;1;0;0;0;0;1;0;0
u298.jpg;0;1;0;0;0;0;1;0;0
u299.jpg;0;1;0;0;0;1;0;0;0
u300.jpg;0;1;0;0;0;0;1;0;0
u301.jpg;0;0;1;0;0;0;1;0;0
u302.jpg;0;0;1;0;0;0;1;0;0
u303.jpg;0;0;1;0;0;0;0;1;0
u304.jpg;0;0;1;0;0;0;1;0;0
u305.jpg;0;1;0;0;0;0;1;0;0
u306.jpg;0;1;0;0;0;0;1;0;0
u307.jpg;0;1;0;0;0;0;1;0;0
u308.jpg;0;1;0;0;0;0;1;0;0
u309.jpg;0;1;0;0;0;0;1;0;0
u310.jpg;0;0;1;0;0;0;0;1;0
u311.jpg;0;0;1;0;0;0;1;0;0
u312.jpg;0;1;0;0;0;1;0;0;0
u313.jpg;0;1;0;0;0;1;0;0;0
u314.jpg;0;0;1;0;0;0;0;0;1
u315.jpg;0;0;1;0;0;0;1;0;0
u316.jpg;0;0;1;0;0;0;1;0;0
u317.jpg;0;1;0;0;0;0;0;1;0
u318.jpg;0;1;0;0;0;0;1;0;0
u319.jpg;0;0;1;0;0;0;0;0;1
u320.jpg;0;0;1;0;0;0;1;0;0
u321.jpg;0;0;1;0;0;0;0;0;1
u322.jpg;0;0;1;0;0;0;1;0;0
u323.jpg;0;1;0;0;0;0;1;0;0
u324.jpg;0;0;1;0;0;0;1;0;0
u325.jpg;0;0;1;0;0;0;1;0;0
u326.jpg;0;1;0;0;0;0;1;0;0
u327.jpg;0;1;0;0;0;0;1;0;0
u328.jpg;0;1;0;0;0;0;1;0;0
u329.jpg;0;0;1;0;0;0;0;1;0
u330.jpg;0;0;1;0;0;0;1;0;0
u331.jpg;0;0;1;0;0;0;1;0;0
u332.jpg;0;0;1;0;0;0;1;0;0
u333.jpg;0;1;0;0;0;0;0;1;0
u334.jpg;0;1;0;0;0;1;0;0;0
u335.jpg;0;1;0;0;0;1;0;0;0
u336.jpg;0;1;0;0;0;1;0;0;0
u337.jpg;0;1;0;0;0;0;0;1;0
u338.jpg;0;1;0;0;0;0;1;0;0
u339.jpg;0;0;1;0;0;0;1;0;0
u340.jpg;0;0;1;0;0;1;0;0;0
u341.jpg;0;0;1;0;0;0;1;0;0
u342.jpg;0;0;1;0;0;0;1;0;0
u343.jpg;0;0;1;0;0;0;0;1;0
u344.jpg;0;1;0;0;0;0;1;0;0
u345.jpg;0;1;0;0;0;1;0;0;0
u346.jpg;0;0;1;0;0;0;1;0;0
u347.jpg;0;0;1;0;0;0;1;0;0
u348.jpg;0;0;1;0;0;0;1;0;0
u349.jpg;0;0;1;0;0;0;1;0;0
u350.jpg;0;1;0;0;0;1;0;0;0
u351.jpg;0;0;1;0;0;1;0;0;0
u352.jpg;0;0;1;0;0;0;1;0;0
u353.jpg;0;1;0;0;0;0;1;0;0
u354.jpg;0;1;0;0;0;1;0;0;0
u355.jpg;0;1;0;0;0;0;1;0;0
u356.jpg;0;1;0;0;0;0;0;1;0
u357.jpg;0;1;0;0;0;0;0;0;1
u358.jpg;0;1;0;0;0;0;1;0;0
u359.jpg;0;1;0;0;0;1;0;0;0
u360.jpg;0;1;0;0;0;1;0;0;0
u361.jpg;0;1;0;0;0;1;0;0;0
u362.jpg;0;0;1;0;0;0;1;0;0
u363.jpg;0;1;0;0;0;0;1;0;0
u364.jpg;0;0;1;0;0;1;0;0;0
u365.jpg;0;0;1;0;0;1;0;0;0
u366.jpg;0;1;0;0;0;1;0;0;0
u367.jpg;0;0;1;0;0;1;0;0;0
u368.jpg;0;1;0;0;0;0;0;1;0
u369.jpg;0;0;1;0;0;0;1;0;0
u370.jpg;0;1;0;0;0;1;0;0;0
u371.jpg;0;1;0;0;0;1;0;0;0
u372.jpg;0;0;1;0;0;1;0;0;0
u373.jpg;0;1;0;0;0;0;1;0;0
u374.jpg;0;0;1;0;0;0;0;1;0
u375.jpg;0;0;1;0;0;0;1;0;0
u376.jpg;0;0;1;0;0;0;0;0;1
u377.jpg;0;0;1;0;0;0;0;1;0
u378.jpg;0;0;1;0;0;0;0;1;0
u379.jpg;0;0;1;0;0;0;1;0;0
u380.jpg;0;0;1;0;0;0;1;0;0
u381.jpg;0;0;1;0;0;0;0;1;0
u382.jpg;0;1;0;0;0;1;0;0;0
u383.jpg;0;0;1;0;0;0;1;0;0
u384.jpg;0;0;1;0;0;0;1;0;0
u385.jpg;0;0;1;0;0;0;1;0;0
u386.jpg;0;0;1;0;0;0;1;0;0
u387.jpg;0;0;1;0;0;0;1;0;0
u388.jpg;0;0;1;0;0;0;0;1;0
u389.jpg;0;1;0;0;0;1;0;0;0
u390.jpg;0;0;1;0;0;0;1;0;0
u391.jpg;0;0;1;0;0;0;1;0;0
u392.jpg;0;1;0;0;0;1;0;0;0
u393.jpg;0;1;0;0;0;1;0;0;0
u394.jpg;0;1;0;0;0;1;0;0;0
u395.jpg;0;1;0;0;0;1;0;0;0
u396.jpg;0;0;1;0;0;1;0;0;0
u397.jpg;0;1;0;0;0;1;0;0;0
u398.jpg;0;1;0;0;0;1;0;0;0
u399.jpg;0;0;1;0;0;1;0;0;0
u400.jpg;0;0;1;0;0;1;0;0;0
u401.jpg;0;0;1;0;0;1;0;0;0
u402.jpg;0;0;1;0;0;1;0;0;0
u403.jpg;0;0;1;0;0;0;1;0;0
u404.jpg;0;0;1;0;0;1;0;0;0
u405.jpg;0;0;1;0;0;1;0;0;0
u406.jpg;0;1;0;0;0;1;0;0;0
u407.jpg;0;1;0;0;0;0;0;0;1
u408.jpg;0;1;0;0;0;0;1;0;0
u409.jpg;0;1;0;0;0;0;0;1;0
u410.jpg;0;1;0;0;0;1;0;0;0
u411.jpg;0;1;0;0;0;1;0;0;0
u412.jpg;0;0;1;0;0;1;0;0;0
u413.jpg;0;0;1;0;0;0;1;0;0
u414.jpg;0;1;0;0;0;0;1;0;0
u415.jpg;0;0;1;0;0;0;1;0;0
u416.jpg;0;0;1;0;0;0;1;0;0
u417.jpg;0;0;1;0;0;0;0;1;0
u418.jpg;0;1;0;0;0;0;1;0;0
u419.jpg;0;0;1;0;0;1;0;0;0
u420.jpg;0;0;1;0;0;0;1;0;0
u421.jpg;0;0;1;0;0;1;0;0;0
u422.jpg;0;0;1;0;0;0;1;0;0
u423.jpg;0;1;0;0;0;0;1;0;0
u424.jpg;0;1;0;0;0;1;0;0;0
u425.jpg;0;1;0;0;0;0;1;0;0
u426.jpg;0;0;1;0;0;0;1;0;0
u427.jpg;0;0;1;0;0;0;1;0;0
u428.jpg;0;0;1;0;0;0;1;0;0
u429.jpg;0;0;1;0;0;0;1;0;0
u430.jpg;0;0;1;0;0;0;1;0;0
u431.jpg;0;1;0;0;0;0;0;0;1
u432.jpg;0;1;0;0;0;0;1;0;0
u433.jpg;0;1;0;0;0;0;1;0;0
u434.jpg;0;0;1;0;0;0;1;0;0
u435.jpg;0;0;1;0;0;0;0;1;0
u436.jpg;0;0;1;0;0;0;1;0;0
u437.jpg;0;1;0;0;0;0;0;1;0
u438.jpg;0;1;0;0;0;0;0;1;0
u439.jpg;0;0;1;0;0;0;1;0;0
u440.jpg;0;0;1;0;0;0;0;1;0
u441.jpg;0;0;1;0;0;0;0;0;1
u442.jpg;0;0;1;0;0;0;1;0;0
u443.jpg;0;0;1;0;0;0;1;0;0
u444.jpg;0;0;1;0;0;0;1;0;0
u445.jpg;0;1;0;0;0;0;1;0;0
u446.jpg;0;0;1;0;0;0;1;0;0
u447.jpg;0;0;1;0;0;0;0;1;0
u448.jpg;0;0;1;0;0;0;0;1;0
u449.jpg;0;0;1;0;0;0;0;1;0
u450.jpg;0;0;1;0;0;0;0;0;1
u451.jpg;0;0;1;0;0;0;0;1;0
u452.jpg;0;0;1;0;0;0;1;0;0
u453.jpg;0;0;1;0;0;0;1;0;0
u454.jpg;0;0;1;0;0;0;1;0;0
u455.jpg;0;0;1;0;0;0;0;0;1
u456.jpg;0;0;1;0;0;0;0;1;0
u457.jpg;0;0;1;0;0;0;1;0;0
u458.jpg;0;0;1;0;0;0;1;0;0
u459.jpg;0;0;1;0;0;0;0;0;1
u460.jpg;0;1;0;0;0;0;1;0;0
u461.jpg;0;0;1;0;0;0;1;0;0
u462.jpg;0;0;1;0;0;0;1;0;0
u463.jpg;0;0;1;0;0;0;0;1;0
u464.jpg;0;0;1;0;0;1;0;0;0
u465.jpg;0;0;1;0;0;1;0;0;0
u466.jpg;0;1;0;0;0;0;1;0;0
u467.jpg;0;1;0;0;0;0;1;0;0
u468.jpg;0;1;0;0;0;0;0;0;1
u469.jpg;0;1;0;0;0;0;1;0;0
u470.jpg;0;0;1;0;0;0;1;0;0
u471.jpg;0;1;0;0;0;0;1;0;0
u472.jpg;0;1;0;0;0;0;1;0;0
u473.jpg;0;0;1;0;0;0;1;0;0
u474.jpg;0;1;0;0;0;1;0;0;0
u475.jpg;0;1;0;0;0;1;0;0;0
u476.jpg;0;1;0;0;0;0;1;0;0
u477.jpg;0;1;0;0;0;1;0;0;0
u478.jpg;0;0;1;0;0;1;0;0;0
u479.jpg;0;0;1;0;0;1;0;0;0
u480.jpg;0;0;1;0;0;1;0;0;0
u481.jpg;0;0;1;0;0;1;0;0;0
u482.jpg;0;0;1;0;0;1;0;0;0
u483.jpg;0;0;1;0;0;1;0;0;0
u484.jpg;0;0;1;0;0;1;0;0;0
u485.jpg;0;0;1;0;0;1;0;0;0
u486.jpg;0;0;1;0;0;1;0;0;0
u487.jpg;0;0;1;0;0;0;1;0;0
u488.jpg;0;0;1;0;0;1;0;0;0
u489.jpg;0;0;1;0;0;1;0;0;0
u490.jpg;0;0;1;0;0;1;0;0;0
u491.jpg;0;1;0;0;0;1;0;0;0
u492.jpg;0;0;1;0;0;0;1;0;0
u493.jpg;0;0;1;0;0;0;1;0;0
u494.jpg;0;0;1;0;0;1;0;0;0
u495.jpg;0;0;1;0;0;1;0;0;0
u496.jpg;0;0;1;0;0;1;0;0;0
u497.jpg;0;0;1;0;0;0;1;0;0
u498.jpg;0;0;1;0;0;0;1;0;0
u499.jpg;0;0;1;0;0;0;1;0;0
u500.jpg;0;0;1;0;0;0;0;1;0
u501.jpg;0;1;0;0;0;0;1;0;0
u502.jpg;0;1;0;0;0;0;1;0;0
u503.jpg;0;0;1;0;0;1;0;0;0
u504.jpg;0;1;0;0;0;1;0;0;0
u505.jpg;0;0;1;0;0;0;0;1;0
u506.jpg;0;0;1;0;0;0;0;1;0
u507.jpg;0;0;1;0;0;0;1;0;0
u508.jpg;0;0;1;0;0;1;0;0;0
u509.jpg;0;1;0;0;0;0;1;0;0
u510.jpg;0;1;0;0;0;0;1;0;0
u511.jpg;0;0;1;0;0;1;0;0;0
u512.jpg;0;0;1;0;0;1;0;0;0
u513.jpg;0;0;1;0;0;0;1;0;0
u514.jpg;0;1;0;0;0;1;0;0;0
u515.jpg;0;1;0;0;0;0;1;0;0
u516.jpg;0;1;0;0;0;0;1;0;0
u517.jpg;0;1;0;0;0;1;0;0;0
u518.jpg;0;1;0;0;0;0;1;0;0
u519.jpg;0;1;0;0;0;1;0;0;0
u520.jpg;0;1;0;0;0;0;1;0;0
u521.jpg;0;0;1;0;0;1;0;0;0
u522.jpg;0;1;0;0;0;1;0;0;0
u523.jpg;0;1;0;0;0;0;1;0;0
u524.jpg;0;1;0;0;0;0;1;0;0
u525.jpg;0;1;0;0;0;0;0;1;0
u526.jpg;0;1;0;0;0;0;1;0;0
u527.jpg;0;0;1;0;0;0;0;1;0
u528.jpg;0;1;0;0;0;0;1;0;0
u529.jpg;0;1;0;0;0;0;0;1;0
u530.jpg;0;0;1;0;0;0;1;0;0
u531.jpg;0;1;0;0;0;0;1;0;0
u532.jpg;0;1;0;0;0;0;1;0;0
u533.jpg;0;0;1;0;0;1;0;0;0
u534.jpg;0;1;0;0;0;1;0;0;0
u535.jpg;0;1;0;0;0;1;0;0;0
u536.jpg;0;1;0;0;0;1;0;0;0
u537.jpg;0;1;0;0;0;0;1;0;0
u538.jpg;0;0;1;0;0;0;1;0;0
u539.jpg;0;0;1;0;0;0;0;1;0
u540.jpg;0;0;1;0;0;0;1;0;0
u541.jpg;0;1;0;0;0;0;1;0;0
u542.jpg;0;0;1;0;0;0;1;0;0
u543.jpg;0;0;1;0;0;0;0;1;0
u544.jpg;0;0;1;0;0;0;1;0;0
u545.jpg;0;0;1;0;0;0;1;0;0
u546.jpg;0;1;0;0;0;0;1;0;0
u547.jpg;0;0;1;0;0;0;0;1;0
u548.jpg;0;0;1;0;0;0;1;0;0
u549.jpg;0;0;1;0;0;0;1;0;0
u550.jpg;0;0;1;0;0;1;0;0;0
u551.jpg;0;0;1;0;0;1;0;0;0
u552.jpg;0;0;1;0;0;1;0;0;0
u553.jpg;0;0;1;0;0;1;0;0;0
u554.jpg;0;0;1;0;0;0;0;0;1
u555.jpg;0;0;1;0;0;0;0;1;0
u556.jpg;0;0;1;0;0;0;0;1;0
u557.jpg;0;0;1;0;0;0;1;0;0
u558.jpg;0;0;1;0;0;0;1;0;0
u559.jpg;0;0;1;0;0;0;1;0;0
u560.jpg;0;0;1;0;0;0;1;0;0
u561.jpg;0;0;1;0;0;1;0;0;0
u562.jpg;0;0;1;0;0;1;0;0;0
u563.jpg;0;1;0;0;0;1;0;0;0
u564.jpg;0;1;0;0;0;1;0;0;0
u565.jpg;0;0;1;0;0;0;1;0;0
u566.jpg;0;0;1;0;0;0;1;0;0
u567.jpg;0;0;1;0;0;0;1;0;0
u568.jpg;0;0;1;0;0;0;1;0;0
u569.jpg;0;0;1;0;0;1;0;0;0
u570.jpg;0;0;1;0;0;1;0;0;0
u571.jpg;0;0;1;0;0;0;1;0;0
u572.jpg;0;0;1;0;0;1;0;0;0
u573.jpg;0;1;0;0;0;1;0;0;0
u574.jpg;0;1;0;0;0;0;1;0;0
u575.jpg;0;1;0;0;0;0;1;0;0
u576.jpg;0;1;0;0;0;1;0;0;0
u577.jpg;0;1;0;0;0;0;1;0;0
u578.jpg;0;0;1;0;0;0;1;0;0
u579.jpg;0;0;1;0;0;1;0;0;0
u580.jpg;0;0;1;0;0;1;0;0;0
u581.jpg;0;0;1;0;0;1;0;0;0
u582.jpg;0;0;1;0;0;0;1;0;0
u583.jpg;0;0;1;0;0;0;1;0;0
u584.jpg;0;0;1;0;0;0;1;0;0
u585.jpg;0;1;0;0;0;0;1;0;0
u586.jpg;0;1;0;0;0;0;1;0;0
u587.jpg;0;1;0;0;0;0;1;0;0
u588.jpg;0;0;1;0;0;0;1;0;0
u589.jpg;0;1;0;0;0;1;0;0;0
u590.jpg;0;1;0;0;0;0;1;0;0
u591.jpg;0;1;0;0;0;1;0;0;0
u592.jpg;0;1;0;0;0;0;0;1;0
u593.jpg;0;1;0;0;0;0;0;0;1
u594.jpg;0;1;0;0;0;0;0;1;0
u595.jpg;0;1;0;0;0;0;0;1;0
u596.jpg;0;1;0;0;0;1;0;0;0
u597.jpg;0;1;0;0;0;0;1;0;0
u598.jpg;0;1;0;0;0;0;1;0;0
u599.jpg;0;1;0;0;0;0;0;0;1
u600.jpg;0;1;0;0;0;0;1;0;0
u601.jpg;0;1;0;0;0;0;1;0;0
u602.jpg;0;1;0;0;0;0;1;0;0
u603.jpg;0;0;1;0;0;1;0;0;0
u604.jpg;0;1;0;0;0;0;1;0;0
u605.jpg;0;1;0;0;0;1;0;0;0
u606.jpg;0;1;0;0;0;0;0;0;1
u607.jpg;0;1;0;0;0;0;0;0;1
u608.jpg;0;0;1;0;0;0;1;0;0
u609.jpg;0;0;1;0;0;1;0;0;0
u610.jpg;0;0;1;0;0;0;1;0;0
u611.jpg;0;0;1;0;0;0;1;0;0
u612.jpg;0;0;1;0;0;0;1;0;0
u613.jpg;0;0;1;0;0;1;0;0;0
u614.jpg;0;0;1;0;0;1;0;0;0
u615.jpg;0;1;0;0;0;0;1;0;0
u616.jpg;0;1;0;0;0;0;0;1;0
u617.jpg;0;0;1;0;0;0;1;0;0
u618.jpg;0;0;1;0;0;0;0;1;0
u619.jpg;0;0;1;0;0;0;1;0;0
u620.jpg;0;0;1;0;0;0;1;0;0
u621.jpg;0;0;1;0;0;0;0;0;1
u622.jpg;0;1;0;0;0;0;0;1;0
u623.jpg;0;1;0;0;0;0;1;0;0
u624.jpg;0;1;0;0;0;0;1;0;0
u625.jpg;0;1;0;0;0;0;1;0;0
u626.jpg;0;0;1;0;0;0;1;0;0
u627.jpg;0;1;0;0;0;0;0;0;1
u628.jpg;0;0;1;0;0;0;0;1;0
u629.jpg;0;1;0;0;0;0;1;0;0
u630.jpg;0;0;1;0;0;0;0;1;0
u631.jpg;0;0;1;0;0;0;1;0;0
u632.jpg;0;0;1;0;0;0;1;0;0
u633.jpg;0;0;1;0;0;0;1;0;0
u634.jpg;0;1;0;0;0;0;1;0;0
u635.jpg;0;0;1;0;0;0;0;1;0
u636.jpg;0;0;1;0;0;1;0;0;0
u637.jpg;0;1;0;0;0;0;1;0;0
u638.jpg;0;1;0;0;0;0;1;0;0
u639.jpg;0;1;0;0;0;0;1;0;0
u640.jpg;0;1;0;0;0;0;1;0;0
u641.jpg;0;0;1;0;0;0;1;0;0
u642.jpg;0;0;1;0;0;0;1;0;0
u643.jpg;0;0;1;0;0;0;1;0;0
u644.jpg;0;0;1;0;0;0;0;0;1
u645.jpg;0;0;1;0;0;1;0;0;0
u646.jpg;0;0;1;0;0;0;1;0;0
u647.jpg;0;0;1;0;0;0;0;1;0
u648.jpg;0;1;0;0;0;0;1;0;0
u649.jpg;0;1;0;0;0;0;1;0;0
u650.jpg;0;1;0;0;0;0;0;1;0
u651.jpg;0;0;1;0;0;0;0;1;0
u652.jpg;0;0;1;0;0;1;0;0;0
u653.jpg;0;1;0;0;0;0;1;0;0
u654.jpg;0;0;1;0;0;0;1;0;0
u655.jpg;0;0;1;0;0;1;0;0;0
u656.jpg;0;1;0;0;0;0;1;0;0
u657.jpg;0;1;0;0;0;0;0;1;0
u658.jpg;0;1;0;0;0;0;1;0;0
u659.jpg;0;1;0;0;0;0;1;0;0
u660.jpg;0;1;0;0;0;0;0;0;1
u661.jpg;0;1;0;0;0;0;1;0;0
u662.jpg;0;1;0;0;0;1;0;0;0
u663.jpg;0;1;0;0;0;0;1;0;0
u664.jpg;0;1;0;0;0;0;0;1;0
u665.jpg;0;1;0;0;0;0;0;1;0
u666.jpg;0;1;0;0;0;0;0;1;0
u667.jpg;0;1;0;0;0;0;1;0;0
u668.jpg;0;1;0;0;0;0;0;1;0
u669.jpg;0;1;0;0;0;0;1;0;0
u670.jpg;0;1;0;0;0;0;1;0;0
u671.jpg;0;1;0;0;0;1;0;0;0
u672.jpg;0;1;0;0;0;0;1;0;0
u673.jpg;0;1;0;0;0;0;1;0;0
u674.jpg;0;0;1;0;0;0;1;0;0
u675.jpg;0;0;1;0;0;0;0;0;1
u676.jpg;0;0;1;0;0;0;0;0;1
u677.jpg;0;0;1;0;0;0;0;1;0
u678.jpg;0;0;1;0;0;1;0;0;0
u679.jpg;0;0;1;0;0;1;0;0;0
u680.jpg;0;0;1;0;0;0;1;0;0
u681.jpg;0;0;1;0;0;0;1;0;0
u682.jpg;0;0;1;0;0;0;0;1;0
u683.jpg;0;1;0;0;0;0;0;1;0
u684.jpg;0;0;1;0;0;0;1;0;0
u685.jpg;0;1;0;0;0;1;0;0;0
u686.jpg;0;0;1;0;0;1;0;0;0
u687.jpg;0;0;1;0;0;0;1;0;0
u688.jpg;0;1;0;0;0;0;1;0;0
u689.jpg;0;1;0;0;0;0;0;1;0
u690.jpg;0;1;0;0;0;0;0;0;1
u691.jpg;0;1;0;0;0;0;1;0;0
u692.jpg;0;1;0;0;0;0;1;0;0
u693.jpg;0;1;0;0;0;1;0;0;0
u694.jpg;0;1;0;0;0;1;0;0;0
u695.jpg;0;1;0;0;0;1;0;0;0
u696.jpg;0;1;0;0;0;0;1;0;0
u697.jpg;0;0;1;0;0;1;0;0;0
u698.jpg;0;1;0;0;0;0;1;0;0
u699.jpg;0;0;1;0;0;0;0;1;0
u700.jpg;0;0;1;0;0;0;0;1;0
u701.jpg;0;0;1;0;0;0;0;1;0
u702.jpg;0;0;1;0;0;0;1;0;0
u703.jpg;0;1;0;0;0;0;1;0;0
u704.jpg;0;0;1;0;0;0;0;0;1
u705.jpg;0;1;0;0;0;0;1;0;0
u706.jpg;0;1;0;0;0;0;1;0;0
u707.jpg;0;1;0;0;0;1;0;0;0
u708.jpg;0;1;0;0;0;1;0;0;0
u709.jpg;0;1;0;0;0;0;1;0;0
u710.jpg;0;1;0;0;0;0;0;1;0
u711.jpg;0;1;0;0;0;0;0;0;1
u712.jpg;0;1;0;0;0;0;0;0;1
u713.jpg;0;1;0;0;0;0;1;0;0
u714.jpg;0;1;0;0;0;0;1;0;0
u715.jpg;0;1;0;0;0;1;0;0;0
u716.jpg;0;1;0;0;0;0;0;0;1
u717.jpg;0;1;0;0;0;0;0;0;1
u718.jpg;0;1;0;0;0;0;0;1;0
u719.jpg;0;1;0;0;0;0;0;1;0
u720.jpg;0;1;0;0;0;0;0;0;1
u721.jpg;0;1;0;0;0;0;1;0;0
u722.jpg;0;1;0;0;0;0;0;0;1
u723.jpg;0;1;0;0;0;0;0;1;0
u724.jpg;0;1;0;0;0;1;0;0;0
u725.jpg;0;1;0;0;0;0;1;0;0
u726.jpg;0;1;0;0;0;0;0;1;0
u727.jpg;0;1;0;0;0;0;1;0;0
u728.jpg;0;1;0;0;0;0;0;0;1
u729.jpg;0;1;0;0;0;0;0;0;1
u730.jpg;0;1;0;0;0;0;0;0;1
u731.jpg;0;1;0;0;0;1;0;0;0
u732.jpg;0;0;1;0;0;0;1;0;0
u733.jpg;0;0;1;0;0;0;0;1;0
u734.jpg;0;1;0;0;0;0;0;1;0
u735.jpg;0;1;0;0;0;0;1;0;0
u736.jpg;0;1;0;0;0;0;1;0;0
u737.jpg;0;0;1;0;0;0;1;0;0
u738.jpg;0;1;0;0;0;1;0;0;0
u739.jpg;0;1;0;0;0;0;1;0;0
u740.jpg;0;0;1;0;0;1;0;0;0
u741.jpg;0;1;0;0;0;0;1;0;0
u742.jpg;0;1;0;0;0;0;1;0;0
u743.jpg;0;1;0;0;0;0;1;0;0
u744.jpg;0;1;0;0;0;0;0;1;0
u745.jpg;0;1;0;0;0;1;0;0;0
u746.jpg;0;1;0;0;0;1;0;0;0
u747.jpg;0;1;0;0;0;0;1;0;0
u748.jpg;0;1;0;0;0;1;0;0;0
u749.jpg;0;1;0;0;0;0;1;0;0
u750.jpg;0;1;0;0;0;0;0;1;0
u751.jpg;0;1;0;0;0;0;1;0;0
u752.jpg;0;1;0;0;0;0;1;0;0
u753.jpg;0;1;0;0;0;0;0;1;0
u754.jpg;0;1;0;0;0;0;0;1;0
u755.jpg;0;1;0;0;0;0;0;0;1
u756.jpg;0;1;0;0;0;0;1;0;0
u757.jpg;0;1;0;0;0;0;1;0;0
u758.jpg;0;1;0;0;0;0;1;0;0
u759.jpg;0;1;0;0;0;0;0;0;1
u760.jpg;0;1;0;0;0;0;0;1;0
u761.jpg;0;1;0;0;0;0;1;0;0
u762.jpg;0;1;0;0;0;0;1;0;0
u763.jpg;0;1;0;0;0;1;0;0;0
u764.jpg;0;1;0;0;0;1;0;0;0
u765.jpg;0;1;0;0;0;1;0;0;0
u766.jpg;0;1;0;0;0;0;1;0;0
u767.jpg;0;1;0;0;0;0;0;1;0
u768.jpg;0;1;0;0;0;0;0;0;1
u769.jpg;0;1;0;0;0;0;1;0;0
u770.jpg;0;1;0;0;0;0;1;0;0
u771.jpg;0;1;0;0;0;0;0;0;1
u772.jpg;0;1;0;0;0;0;1;0;0
u773.jpg;0;1;0;0;0;0;1;0;0
u774.jpg;0;1;0;0;0;0;1;0;0
u775.jpg;0;1;0;0;0;0;0;0;1
u776.jpg;0;1;0;0;0;0;1;0;0
u777.jpg;0;1;0;0;0;1;0;0;0
u778.jpg;0;1;0;0;0;1;0;0;0
u779.jpg;0;1;0;0;0;0;1;0;0
u780.jpg;0;1;0;0;0;0;1;0;0
u781.jpg;0;1;0;0;0;0;0;0;1
u782.jpg;0;1;0;0;0;0;1;0;0
u783.jpg;0;1;0;0;0;0;0;1;0
u784.jpg;0;1;0;0;0;0;1;0;0
u785.jpg;0;1;0;0;0;0;0;1;0
u786.jpg;0;1;0;0;0;0;0;1;0
u787.jpg;0;1;0;0;0;0;1;0;0
u788.jpg;0;1;0;0;0;1;0;0;0
u789.jpg;0;1;0;0;0;0;1;0;0
u790.jpg;0;1;0;0;0;0;0;1;0
u791.jpg;0;1;0;0;0;0;1;0;0
u792.jpg;0;1;0;0;0;1;0;0;0
u793.jpg;0;1;0;0;0;1;0;0;0
u794.jpg;0;1;0;0;0;1;0;0;0
u795.jpg;0;1;0;0;0;1;0;0;0
u796.jpg;0;1;0;0;0;0;1;0;0
u797.jpg;0;1;0;0;0;0;1;0;0
u798.jpg;0;1;0;0;0;0;1;0;0
u799.jpg;0;1;0;0;0;0;1;0;0
u800.jpg;0;1;0;0;0;0;0;1;0
u801.jpg;0;0;1;0;0;0;1;0;0
u802.jpg;0;1;0;0;0;0;1;0;0
u803.jpg;0;1;0;0;0;0;1;0;0
u804.jpg;0;1;0;0;0;0;1;0;0
u805.jpg;0;1;0;0;0;0;1;0;0
u806.jpg;0;1;0;0;0;0;0;1;0
u807.jpg;0;1;0;0;0;0;1;0;0
u808.jpg;0;1;0;0;0;0;0;0;1
u809.jpg;0;1;0;0;0;0;1;0;0
u810.jpg;0;1;0;0;0;0;0;0;1
u811.jpg;0;1;0;0;0;0;1;0;0
u812.jpg;0;1;0;0;0;0;0;0;1
u813.jpg;0;1;0;0;0;0;0;1;0
u814.jpg;0;1;0;0;0;0;1;0;0
u815.jpg;0;1;0;0;0;0;0;1;0
u816.jpg;0;1;0;0;0;0;0;1;0
u817.jpg;0;1;0;0;0;0;0;1;0
u818.jpg;0;1;0;0;0;0;1;0;0
u819.jpg;0;1;0;0;0;0;1;0;0
u820.jpg;0;1;0;0;0;0;1;0;0
u821.jpg;0;1;0;0;0;0;1;0;0
u822.jpg;0;1;0;0;0;0;1;0;0
u823.jpg;0;1;0;0;0;0;1;0;0
u824.jpg;0;1;0;0;0;0;1;0;0
u825.jpg;0;1;0;0;0;0;1;0;0
u826.jpg;0;1;0;0;0;0;1;0;0
u827.jpg;0;1;0;0;0;0;1;0;0
u828.jpg;0;1;0;0;0;1;0;0;0
u829.jpg;0;1;0;0;0;1;0;0;0
u830.jpg;0;0;1;0;0;1;0;0;0
u831.jpg;0;0;1;0;0;0;1;0;0
u832.jpg;0;0;1;0;0;1;0;0;0
u833.jpg;0;1;0;0;0;0;1;0;0
u834.jpg;0;1;0;0;0;1;0;0;0
u835.jpg;0;1;0;0;0;0;1;0;0
u836.jpg;0;1;0;0;0;0;1;0;0
u837.jpg;0;1;0;0;0;1;0;0;0
u838.jpg;0;1;0;0;0;1;0;0;0
u839.jpg;0;1;0;0;0;0;0;1;0
u840.jpg;0;1;0;0;0;0;1;0;0
u841.jpg;0;1;0;0;0;0;1;0;0
u842.jpg;0;1;0;0;0;0;0;1;0
u843.jpg;0;1;0;0;0;0;0;1;0
u844.jpg;0;1;0;0;0;1;0;0;0
u845.jpg;0;1;0;0;0;1;0;0;0
u846.jpg;0;1;0;0;0;1;0;0;0
u847.jpg;0;1;0;0;0;0;1;0;0
u848.jpg;0;1;0;0;0;0;1;0;0
u849.jpg;0;1;0;0;0;1;0;0;0
u850.jpg;0;1;0;0;0;0;0;1;0
u851.jpg;0;1;0;0;0;0;0;1;0
u852.jpg;0;1;0;0;0;0;0;1;0
u853.jpg;0;1;0;0;0;0;0;1;0
u854.jpg;0;1;0;0;0;0;1;0;0
u855.jpg;0;1;0;0;0;0;1;0;0
u856.jpg;0;1;0;0;0;1;0;0;0
u857.jpg;0;1;0;0;0;0;1;0;0
u858.jpg;0;1;0;0;0;0;0;1;0
u859.jpg;0;1;0;0;0;1;0;0;0
u860.jpg;0;1;0;0;0;1;0;0;0
u861.jpg;0;1;0;0;0;0;0;1;0
u862.jpg;0;1;0;0;0;0;1;0;0
u863.jpg;0;1;0;0;0;0;1;0;0
u864.jpg;0;0;1;0;0;1;0;0;0
u865.jpg;0;1;0;0;0;0;1;0;0
u866.jpg;0;1;0;0;0;0;0;1;0
u867.jpg;0;1;0;0;0;0;1;0;0
u868.jpg;0;1;0;0;0;1;0;0;0
u869.jpg;0;1;0;0;0;0;0;0;1
u870.jpg;0;1;0;0;0;0;1;0;0
u871.jpg;0;1;0;0;0;0;1;0;0
u872.jpg;0;1;0;0;0;0;1;0;0
u873.jpg;0;1;0;0;0;0;1;0;0
u874.jpg;0;1;0;0;0;0;1;0;0
u875.jpg;0;1;0;0;0;0;0;1;0
u876.jpg;0;1;0;0;0;0;1;0;0
u877.jpg;0;1;0;0;0;0;1;0;0
u878.jpg;0;1;0;0;0;0;0;0;1
u879.jpg;0;1;0;0;0;0;0;0;1
u880.jpg;0;1;0;0;0;1;0;0;0
u881.jpg;0;1;0;0;0;0;1;0;0
u882.jpg;0;1;0;0;0;0;1;0;0
u883.jpg;0;1;0;0;0;0;1;0;0
u884.jpg;0;1;0;0;0;0;0;1;0
u885.jpg;0;1;0;0;0;0;0;0;1
u886.jpg;0;1;0;0;0;0;0;0;1
u887.jpg;0;1;0;0;0;0;0;0;1
u888.jpg;0;1;0;0;0;0;0;0;1
u889.jpg;0;1;0;0;0;0;0;0;1
u890.jpg;0;1;0;0;0;0;0;1;0
u891.jpg;0;1;0;0;0;0;0;0;1
u892.jpg;0;1;0;0;0;0;0;1;0
u893.jpg;0;1;0;0;0;0;1;0;0
u894.jpg;0;1;0;0;0;0;1;0;0
u895.jpg;0;1;0;0;0;1;0;0;0
u896.jpg;0;1;0;0;0;1;0;0;0
u897.jpg;0;1;0;0;0;0;0;1;0
u898.jpg;0;1;0;0;0;0;0;0;1
u899.jpg;0;1;0;0;0;0;0;1;0
u900.jpg;0;1;0;0;0;0;1;0;0
u901.jpg;0;1;0;0;0;0;1;0;0
u902.jpg;0;1;0;0;0;1;0;0;0
u903.jpg;0;1;0;0;0;0;1;0;0
u904.jpg;0;1;0;0;0;0;1;0;0
u905.jpg;0;1;0;0;0;1;0;0;0
u906.jpg;0;1;0;0;0;1;0;0;0
u907.jpg;0;1;0;0;0;1;0;0;0
u908.jpg;0;1;0;0;0;0;1;0;0
u909.jpg;0;1;0;0;0;0;1;0;0
u910.jpg;0;1;0;0;0;0;0;1;0
u911.jpg;0;1;0;0;0;0;0;1;0
u912.jpg;0;1;0;0;0;0;0;0;1
u913.jpg;0;1;0;0;0;0;1;0;0
u914.jpg;0;1;0;0;0;0;1;0;0
u915.jpg;0;1;0;0;0;0;1;0;0
u916.jpg;0;1;0;0;0;0;1;0;0
u917.jpg;0;1;0;0;0;0;0;1;0
u918.jpg;0;1;0;0;0;0;0;1;0
u919.jpg;0;1;0;0;0;0;0;1;0
u920.jpg;0;1;0;0;0;0;0;1;0
u921.jpg;0;1;0;0;0;0;0;1;0
u922.jpg;0;1;0;0;0;0;0;1;0
u923.jpg;0;1;0;0;0;0;1;0;0
u924.jpg;0;1;0;0;0;0;0;0;1
u925.jpg;0;1;0;0;0;0;1;0;0
u926.jpg;0;1;0;0;0;0;0;0;1
u927.jpg;0;1;0;0;0;0;0;1;0
u928.jpg;0;1;0;0;0;0;0;1;0
u929.jpg;0;1;0;0;0;0;1;0;0
u930.jpg;0;1;0;0;0;0;1;0;0
u931.jpg;0;1;0;0;0;0;0;0;1
u932.jpg;0;1;0;0;0;0;1;0;0
u933.jpg;0;1;0;0;0;0;0;0;1
u934.jpg;0;1;0;0;0;0;0;0;1
u935.jpg;0;1;0;0;0;0;0;1;0
u936.jpg;0;1;0;0;0;0;1;0;0
u937.jpg;0;1;0;0;0;0;1;0;0
u938.jpg;0;1;0;0;0;0;0;1;0
u939.jpg;0;1;0;0;0;0;1;0;0
u940.jpg;0;1;0;0;0;0;0;0;1
u941.jpg;0;1;0;0;0;0;0;0;1
u942.jpg;0;1;0;0;0;0;1;0;0
u943.jpg;0;1;0;0;0;0;1;0;0
u944.jpg;0;1;0;0;0;0;1;0;0
u945.jpg;0;0;1;0;0;0;1;0;0
u946.jpg;0;1;0;0;0;0;0;0;1
u947.jpg;0;1;0;0;0;0;0;1;0
u948.jpg;0;1;0;0;0;0;1;0;0
u949.jpg;0;1;0;0;0;0;1;0;0
u951.jpg;0;1;0;0;0;1;0;0;0
u952.jpg;0;1;0;0;0;0;0;0;1
u953.jpg;0;1;0;0;0;1;0;0;0
u954.jpg;0;1;0;0;0;0;1;0;0
u955.jpg;0;1;0;0;0;0;0;1;0
u956.jpg;0;1;0;0;0;0;0;1;0
u957.jpg;0;1;0;0;0;0;0;0;1
u958.jpg;0;1;0;0;0;0;0;1;0
u959.jpg;0;1;0;0;0;0;1;0;0
u960.jpg;0;1;0;0;0;0;1;0;0
u961.jpg;0;1;0;0;0;0;1;0;0
u962.jpg;0;1;0;0;0;0;1;0;0
u963.jpg;0;1;0;0;0;0;1;0;0
u964.jpg;0;1;0;0;0;0;0;0;1
u965.jpg;0;1;0;0;0;0;0;0;1
u966.jpg;0;1;0;0;0;0;0;1;0
u967.jpg;0;1;0;0;0;0;0;1;0
u968.jpg;0;1;0;0;0;0;1;0;0
u969.jpg;0;1;0;0;0;0;1;0;0
u970.jpg;0;1;0;0;0;0;1;0;0
u971.jpg;0;1;0;0;0;0;0;0;1
u972.jpg;0;1;0;0;0;1;0;0;0
u973.jpg;0;1;0;0;0;1;0;0;0
u974.jpg;0;1;0;0;0;0;0;0;1
u975.jpg;0;1;0;0;0;1;0;0;0
u976.jpg;0;1;0;0;0;0;1;0;0
u977.jpg;0;1;0;0;0;0;1;0;0
u978.jpg;0;0;1;0;0;1;0;0;0
u979.jpg;0;1;0;0;0;1;0;0;0
u980.jpg;0;1;0;0;0;0;1;0;0
u981.jpg;0;1;0;0;0;0;1;0;0
u982.jpg;0;1;0;0;0;0;1;0;0
u983.jpg;0;1;0;0;0;0;1;0;0
u984.jpg;0;1;0;0;0;0;1;0;0
u985.jpg;0;1;0;0;0;0;1;0;0
u986.jpg;0;1;0;0;0;0;1;0;0
u987.jpg;0;1;0;0;0;0;0;0;1
u988.jpg;0;1;0;0;0;0;1;0;0
u989.jpg;0;1;0;0;0;0;0;0;1
u990.jpg;0;1;0;0;0;0;0;0;1
u991.jpg;0;1;0;0;0;0;1;0;0
u992.jpg;0;1;0;0;0;0;0;1;0
u993.jpg;0;1;0;0;0;0;0;0;1
u994.jpg;0;1;0;0;0;0;1;0;0
u995.jpg;0;1;0;0;0;0;1;0;0
u996.jpg;0;1;0;0;0;0;0;1;0
u997.jpg;0;1;0;0;0;0;0;1;0
u998.jpg;0;1;0;0;0;0;1;0;0
u999.jpg;0;1;0;0;0;0;1;0;0
u1000.jpg;0;1;0;0;0;0;1;0;0
u1001.jpg;0;1;0;0;0;0;0;1;0
u1002.jpg;0;1;0;0;0;0;0;1;0
u1003.jpg;0;1;0;0;0;0;1;0;0
u1004.jpg;0;1;0;0;0;0;0;1;0
u1005.jpg;0;1;0;0;0;0;0;1;0
u1006.jpg;0;1;0;0;0;0;1;0;0
u1007.jpg;0;1;0;0;0;0;0;1;0
u1008.jpg;0;1;0;0;0;0;0;1;0
u1009.jpg;0;1;0;0;0;0;0;1;0
u1010.jpg;0;1;0;0;0;0;1;0;0
u1011.jpg;0;1;0;0;0;1;0;0;0
u1012.jpg;0;1;0;0;0;0;1;0;0
u1013.jpg;0;1;0;0;0;0;1;0;0
u1014.jpg;0;1;0;0;0;0;1;0;0
u1015.jpg;0;1;0;0;0;0;1;0;0
u1016.jpg;0;1;0;0;0;0;1;0;0
u1017.jpg;0;1;0;0;0;0;1;0;0
u1018.jpg;0;1;0;0;0;1;0;0;0
u1019.jpg;0;1;0;0;0;1;0;0;0
u1020.jpg;0;1;0;0;0;0;1;0;0
u1021.jpg;0;1;0;0;0;0;1;0;0
u1022.jpg;0;1;0;0;0;1;0;0;0
u1023.jpg;0;1;0;0;0;0;1;0;0
u1024.jpg;0;1;0;0;0;0;1;0;0
u1025.jpg;0;1;0;0;0;0;1;0;0
u1026.jpg;0;1;0;0;0;0;1;0;0
u1027.jpg;0;1;0;0;0;0;0;1;0
u1028.jpg;0;1;0;0;0;1;0;0;0
u1029.jpg;0;1;0;0;0;0;0;0;1
u1030.jpg;0;1;0;0;0;0;0;0;1
u1031.jpg;0;1;0;0;0;0;0;1;0
u1032.jpg;0;1;0;0;0;0;1;0;0
u1033.jpg;0;1;0;0;0;0;0;1;0
u1034.jpg;0;1;0;0;0;0;1;0;0
u1035.jpg;0;1;0;0;0;0;0;0;1
u1036.jpg;0;1;0;0;0;0;0;0;1
u1037.jpg;0;1;0;0;0;0;1;0;0
u1038.jpg;0;1;0;0;0;1;0;0;0
u1039.jpg;0;0;1;0;0;1;0;0;0
u1040.jpg;0;1;0;0;0;0;1;0;0
u1041.jpg;0;1;0;0;0;0;1;0;0
u1042.jpg;0;1;0;0;0;0;1;0;0
u1043.jpg;0;1;0;0;0;0;1;0;0
u1044.jpg;0;1;0;0;0;0;1;0;0
u1045.jpg;0;1;0;0;0;0;1;0;0
u1046.jpg;0;1;0;0;0;0;1;0;0
u1047.jpg;0;1;0;0;0;0;1;0;0
u1048.jpg;0;1;0;0;0;0;1;0;0
u1049.jpg;0;1;0;0;0;1;0;0;0
u1050.jpg;0;1;0;0;0;1;0;0;0
u1051.jpg;0;1;0;0;0;0;1;0;0
u1052.jpg;0;1;0;0;0;0;0;1;0
u1053.jpg;0;1;0;0;0;0;0;1;0
u1054.jpg;0;1;0;0;0;0;0;0;1
u1055.jpg;0;1;0;0;0;0;1;0;0
u1056.jpg;0;1;0;0;0;0;0;0;1
u1057.jpg;0;1;0;0;0;0;0;1;0
u1058.jpg;0;1;0;0;0;0;1;0;0
u1059.jpg;0;1;0;0;0;0;0;1;0
u1060.jpg;0;1;0;0;0;0;0;1;0
u1061.jpg;0;1;0;0;0;0;0;1;0
u1062.jpg;0;1;0;0;0;0;0;1;0
u1063.jpg;0;1;0;0;0;0;0;1;0
u1064.jpg;0;1;0;0;0;0;1;0;0
u1065.jpg;0;1;0;0;0;0;1;0;0
u1066.jpg;0;1;0;0;0;0;1;0;0
u1067.jpg;0;1;0;0;0;1;0;0;0
u1068.jpg;0;1;0;0;0;0;0;1;0
u1069.jpg;0;1;0;0;0;1;0;0;0
u1070.jpg;0;1;0;0;0;1;0;0;0
u1071.jpg;0;1;0;0;0;1;0;0;0
u1072.jpg;0;1;0;0;0;0;0;1;0
u1073.jpg;0;1;0;0;0;0;1;0;0
u1074.jpg;0;1;0;0;0;0;0;1;0
u1075.jpg;0;1;0;0;0;0;0;1;0
u1076.jpg;0;1;0;0;0;0;1;0;0
u1077.jpg;0;1;0;0;0;1;0;0;0
u1078.jpg;0;1;0;0;0;0;1;0;0
u1079.jpg;0;1;0;0;0;0;1;0;0
u1080.jpg;0;1;0;0;0;0;1;0;0
u1081.jpg;0;1;0;0;0;1;0;0;0
u1082.jpg;0;1;0;0;0;1;0;0;0
u1083.jpg;0;1;0;0;0;1;0;0;0
u1084.jpg;0;1;0;0;0;0;1;0;0
u1085.jpg;0;1;0;0;0;0;0;1;0
u1086.jpg;0;1;0;0;0;0;0;1;0
u1087.jpg;0;1;0;0;0;0;0;1;0
u1088.jpg;0;1;0;0;0;0;0;1;0
u1089.jpg;0;1;0;0;0;0;1;0;0
u1090.jpg;0;1;0;0;0;0;0;1;0
u1091.jpg;0;1;0;0;0;0;0;1;0
u1092.jpg;0;1;0;0;0;0;1;0;0
u1093.jpg;0;1;0;0;0;0;0;1;0
u1094.jpg;0;1;0;0;0;0;1;0;0
u1095.jpg;0;1;0;0;0;0;1;0;0
u1096.jpg;0;1;0;0;0;0;1;0;0
u1097.jpg;0;1;0;0;0;0;1;0;0
u1098.jpg;0;1;0;0;0;0;0;1;0
u1099.jpg;0;1;0;0;0;0;1;0;0
u1100.jpg;0;1;0;0;0;0;1;0;0
u1101.jpg;0;1;0;0;0;1;0;0;0
u1102.jpg;0;1;0;0;0;0;0;0;1
u1103.jpg;0;1;0;0;0;0;0;1;0
u1104.jpg;0;1;0;0;0;0;0;1;0
u1105.jpg;0;1;0;0;0;0;1;0;0
u1106.jpg;0;1;0;0;0;0;0;0;1
u1107.jpg;0;1;0;0;0;0;0;1;0
u1108.jpg;0;1;0;0;0;0;0;1;0
u1109.jpg;0;1;0;0;0;0;0;0;1
u1110.jpg;0;1;0;0;0;0;0;1;0
u1111.jpg;0;1;0;0;0;0;0;0;1
u1112.jpg;0;1;0;0;0;0;0;0;1
u1113.jpg;0;1;0;0;0;0;0;0;1
u1114.jpg;0;1;0;0;0;0;0;0;1
u1115.jpg;0;1;0;0;0;0;0;0;1
u1116.jpg;0;1;0;0;0;0;0;1;0
u1117.jpg;0;1;0;0;0;0;0;1;0
u1118.jpg;0;1;0;0;0;0;0;1;0
u1119.jpg;0;1;0;0;0;0;0;1;0
u1120.jpg;0;1;0;0;0;0;0;1;0
u1121.jpg;0;1;0;0;0;0;1;0;0
u1122.jpg;0;1;0;0;0;1;0;0;0
u1123.jpg;0;1;0;0;0;0;0;1;0
u1124.jpg;0;1;0;0;0;0;0;1;0
u1125.jpg;0;1;0;0;0;0;0;1;0
u1126.jpg;0;1;0;0;0;0;0;1;0
u1127.jpg;0;1;0;0;0;0;1;0;0
u1128.jpg;0;1;0;0;0;0;1;0;0
u1129.jpg;0;1;0;0;0;0;0;1;0
u1130.jpg;0;1;0;0;0;0;0;1;0
u1131.jpg;0;1;0;0;0;0;0;1;0
u1132.jpg;0;1;0;0;0;0;0;1;0
u1133.jpg;0;1;0;0;0;0;0;1;0
u1134.jpg;0;1;0;0;0;0;1;0;0
u1135.jpg;0;1;0;0;0;0;1;0;0
u1136.jpg;0;1;0;0;0;0;1;0;0
u1137.jpg;0;1;0;0;0;1;0;0;0
u1138.jpg;0;1;0;0;0;1;0;0;0
u1139.jpg;0;1;0;0;0;0;1;0;0
u1140.jpg;0;1;0;0;0;0;1;0;0
u1141.jpg;0;1;0;0;0;0;1;0;0
u1142.jpg;0;1;0;0;0;0;1;0;0
u1143.jpg;0;1;0;0;0;0;1;0;0
u1144.jpg;0;1;0;0;0;0;0;0;1
u1145.jpg;0;1;0;0;0;0;1;0;0
u1146.jpg;0;1;0;0;0;0;0;1;0
u1147.jpg;0;1;0;0;0;0;0;1;0
u1148.jpg;0;1;0;0;0;0;0;0;1
u1149.jpg;0;1;0;0;0;0;0;0;1
u1150.jpg;0;1;0;0;0;0;1;0;0
u1151.jpg;0;1;0;0;0;0;0;1;0
u1152.jpg;0;1;0;0;0;0;0;0;1
u1153.jpg;0;1;0;0;0;0;0;0;1
u1154.jpg;0;1;0;0;0;0;0;0;1
u1155.jpg;0;1;0;0;0;0;0;0;1
u1156.jpg;0;1;0;0;0;0;0;0;1
u1157.jpg;0;1;0;0;0;0;0;0;1
u1158.jpg;0;1;0;0;0;0;0;0;1
u1159.jpg;0;1;0;0;0;1;0;0;0
u1160.jpg;0;1;0;0;0;0;1;0;0
u1161.jpg;0;1;0;0;0;0;1;0;0
u1162.jpg;0;1;0;0;0;0;1;0;0
u1163.jpg;0;1;0;0;0;0;1;0;0
u1164.jpg;0;1;0;0;0;0;1;0;0
u1165.jpg;0;1;0;0;0;0;1;0;0
u1166.jpg;0;1;0;0;0;0;1;0;0
u1167.jpg;0;1;0;0;0;0;1;0;0
u1168.jpg;0;1;0;0;0;0;1;0;0
u1169.jpg;0;1;0;0;0;0;1;0;0
u1170.jpg;0;1;0;0;0;0;0;1;0
u1171.jpg;0;1;0;0;0;0;1;0;0
u1172.jpg;0;1;0;0;0;0;1;0;0
u1173.jpg;0;1;0;0;0;0;1;0;0
u1174.jpg;0;1;0;0;0;1;0;0;0
u1175.jpg;0;1;0;0;0;0;1;0;0
u1176.jpg;0;1;0;0;0;0;0;0;1
u1177.jpg;0;1;0;0;0;0;0;0;1
u1178.jpg;0;1;0;0;0;0;0;0;1
u1179.jpg;0;1;0;0;0;0;0;0;1
u1180.jpg;0;1;0;0;0;0;0;0;1
u1181.jpg;0;1;0;0;0;0;0;0;1
u1182.jpg;0;1;0;0;0;0;0;1;0
u1183.jpg;0;1;0;0;0;0;0;0;1
u1184.jpg;0;1;0;0;0;0;0;0;1
u1185.jpg;0;1;0;0;0;0;1;0;0
u1186.jpg;0;1;0;0;0;0;1;0;0
u1187.jpg;0;1;0;0;0;0;1;0;0
u1188.jpg;0;1;0;0;0;0;1;0;0
u1189.jpg;0;1;0;0;0;0;1;0;0
u1190.jpg;0;1;0;0;0;0;1;0;0
u1191.jpg;0;1;0;0;0;0;1;0;0
u1192.jpg;0;1;0;0;0;0;1;0;0
u1193.jpg;0;1;0;0;0;0;1;0;0
u1194.jpg;0;1;0;0;0;0;0;1;0
u1195.jpg;0;1;0;0;0;0;0;1;0
u1196.jpg;0;1;0;0;0;0;0;1;0
u1197.jpg;0;1;0;0;0;0;1;0;0
u1198.jpg;0;1;0;0;0;0;1;0;0
u1199.jpg;0;1;0;0;0;0;1;0;0
u1200.jpg;0;1;0;0;0;0;1;0;0
u1201.jpg;0;1;0;0;0;0;1;0;0
u1202.jpg;0;1;0;0;0;1;0;0;0
u1203.jpg;0;1;0;0;0;0;0;0;1
u1204.jpg;0;1;0;0;0;0;0;1;0
u1205.jpg;0;1;0;0;0;0;0;1;0
u1206.jpg;0;1;0;0;0;0;1;0;0
u1207.jpg;0;1;0;0;0;0;0;1;0
u1208.jpg;0;1;0;0;0;0;0;1;0
u1209.jpg;0;1;0;0;0;0;0;1;0
u1210.jpg;0;1;0;0;0;0;0;1;0
u1211.jpg;0;1;0;0;0;0;1;0;0
u1212.jpg;0;1;0;0;0;0;1;0;0
u1213.jpg;0;1;0;0;0;0;1;0;0
u1214.jpg;0;1;0;0;0;0;0;1;0
u1215.jpg;0;1;0;0;0;0;0;0;1
u1216.jpg;0;1;0;0;0;0;1;0;0
u1217.jpg;0;1;0;0;0;0;1;0;0
u1218.jpg;0;1;0;0;0;0;1;0;0
u1219.jpg;0;1;0;0;0;0;1;0;0
u1220.jpg;0;1;0;0;0;0;1;0;0
u1221.jpg;0;1;0;0;0;0;0;1;0
u1222.jpg;0;1;0;0;0;0;0;1;0
u1223.jpg;0;1;0;0;0;0;1;0;0
u1224.jpg;0;1;0;0;0;0;1;0;0
u1225.jpg;0;1;0;0;0;0;1;0;0
u1226.jpg;0;0;1;0;0;0;1;0;0
u1227.jpg;0;0;1;0;0;0;1;0;0
u1228.jpg;0;1;0;0;0;0;0;1;0
u1229.jpg;0;1;0;0;0;0;0;1;0
u1230.jpg;0;1;0;0;0;0;1;0;0
u1231.jpg;0;1;0;0;0;0;1;0;0
u1232.jpg;0;1;0;0;0;0;0;1;0
u1233.jpg;0;1;0;0;0;0;1;0;0
u1234.jpg;0;1;0;0;0;0;1;0;0
u1235.jpg;0;1;0;0;0;0;1;0;0
u1236.jpg;0;1;0;0;0;0;1;0;0
u1237.jpg;0;1;0;0;0;0;1;0;0
u1238.jpg;0;1;0;0;0;1;0;0;0
u1239.jpg;0;1;0;0;0;1;0;0;0
u1240.jpg;0;0;1;0;0;1;0;0;0
u1241.jpg;0;0;1;0;0;0;1;0;0
u1242.jpg;0;0;1;0;0;0;1;0;0
u1243.jpg;0;1;0;0;0;0;1;0;0
u1244.jpg;0;1;0;0;0;0;1;0;0
u1245.jpg;0;1;0;0;0;0;1;0;0
u1246.jpg;0;1;0;0;0;0;0;1;0
u1247.jpg;0;1;0;0;0;0;1;0;0
u1248.jpg;0;0;1;0;0;0;1;0;0
u1249.jpg;0;1;0;0;0;0;1;0;0
u1250.jpg;0;1;0;0;0;0;1;0;0
u1251.jpg;0;1;0;0;0;0;1;0;0
u1252.jpg;0;1;0;0;0;0;1;0;0
u1253.jpg;0;1;0;0;0;0;1;0;0
u1254.jpg;0;1;0;0;0;0;1;0;0
u1255.jpg;0;1;0;0;0;0;1;0;0
u1256.jpg;0;1;0;0;0;0;0;0;1
u1257.jpg;0;1;0;0;0;0;0;0;1
u1258.jpg;0;1;0;0;0;0;1;0;0
u1259.jpg;0;1;0;0;0;0;0;1;0
u1260.jpg;0;1;0;0;0;1;0;0;0
u1261.jpg;0;1;0;0;0;0;1;0;0
u1262.jpg;0;1;0;0;0;0;0;1;0
u1263.jpg;0;1;0;0;0;0;1;0;0
u1264.jpg;0;1;0;0;0;0;0;1;0
u1265.jpg;0;1;0;0;0;0;1;0;0
u1266.jpg;0;1;0;0;0;0;0;0;1
u1267.jpg;0;1;0;0;0;0;1;0;0
u1268.jpg;0;1;0;0;0;0;1;0;0
u1269.jpg;0;1;0;0;0;1;0;0;0
u1270.jpg;0;1;0;0;0;0;0;1;0
u1271.jpg;0;1;0;0;0;0;1;0;0
u1272.jpg;0;1;0;0;0;0;1;0;0
u1273.jpg;0;1;0;0;0;0;1;0;0
u1274.jpg;0;1;0;0;0;0;1;0;0
u1275.jpg;0;1;0;0;0;0;1;0;0
u1276.jpg;0;1;0;0;0;0;1;0;0
u1277.jpg;0;1;0;0;0;1;0;0;0
u1278.jpg;0;1;0;0;0;0;1;0;0
u1279.jpg;0;1;0;0;0;1;0;0;0
u1280.jpg;0;1;0;0;0;1;0;0;0
u1281.jpg;0;1;0;0;0;1;0;0;0
u1282.jpg;0;1;0;0;0;0;1;0;0
u1283.jpg;0;1;0;0;0;0;1;0;0
u1284.jpg;0;1;0;0;0;1;0;0;0
u1285.jpg;0;1;0;0;0;0;1;0;0
u1286.jpg;0;1;0;0;0;0;1;0;0
u1287.jpg;0;1;0;0;0;1;0;0;0
u1288.jpg;0;1;0;0;0;0;0;1;0
u1289.jpg;0;1;0;0;0;0;0;1;0
u1290.jpg;0;1;0;0;0;0;1;0;0
u1291.jpg;0;1;0;0;0;0;1;0;0
u1292.jpg;0;1;0;0;0;0;1;0;0
u1293.jpg;0;1;0;0;0;0;1;0;0
u1294.jpg;0;1;0;0;0;0;1;0;0
u1295.jpg;0;1;0;0;0;0;0;1;0
u1296.jpg;0;1;0;0;0;0;1;0;0
u1297.jpg;0;1;0;0;0;0;1;0;0
u1298.jpg;0;1;0;0;0;0;0;1;0
u1299.jpg;0;1;0;0;0;1;0;0;0
u1300.jpg;0;1;0;0;0;0;0;1;0
u1301.jpg;0;1;0;0;0;0;1;0;0
u1302.jpg;0;1;0;0;0;0;1;0;0
u1303.jpg;0;1;0;0;0;0;1;0;0
u1304.jpg;0;1;0;0;0;0;1;0;0
u1305.jpg;0;1;0;0;0;1;0;0;0
u1306.jpg;0;1;0;0;0;0;0;1;0
u1307.jpg;0;0;1;0;0;0;1;0;0
u1308.jpg;0;0;1;0;0;0;1;0;0
u1309.jpg;0;1;0;0;0;0;1;0;0
u1310.jpg;0;1;0;0;0;0;1;0;0
u1311.jpg;0;1;0;0;0;0;1;0;0
u1312.jpg;0;1;0;0;0;0;0;1;0
u1313.jpg;0;1;0;0;0;0;1;0;0
u1314.jpg;0;1;0;0;0;0;1;0;0
u1315.jpg;0;1;0;0;0;0;1;0;0
u1316.jpg;0;1;0;0;0;0;1;0;0
u1317.jpg;0;1;0;0;0;0;0;1;0
u1318.jpg;0;1;0;0;0;1;0;0;0
u1319.jpg;0;1;0;0;0;0;1;0;0
u1320.jpg;0;1;0;0;0;0;1;0;0
u1321.jpg;0;1;0;0;0;0;1;0;0
u1322.jpg;0;1;0;0;0;0;1;0;0
u1323.jpg;0;1;0;0;0;0;0;1;0
u1325.jpg;0;1;0;0;0;0;0;1;0
u1326.jpg;0;1;0;0;0;0;1;0;0
u1327.jpg;0;1;0;0;0;1;0;0;0
u1328.jpg;0;1;0;0;0;0;1;0;0
u1329.jpg;0;1;0;0;0;0;1;0;0
u1330.jpg;0;1;0;0;0;0;1;0;0
u1331.jpg;0;0;1;0;0;0;0;0;1
u1332.jpg;0;0;1;0;0;0;0;0;1
u1333.jpg;0;0;1;0;0;0;0;0;1
u1334.jpg;0;1;0;0;0;0;1;0;0
u1335.jpg;0;1;0;0;0;0;1;0;0
u1336.jpg;0;1;0;0;0;0;0;1;0
u1337.jpg;0;1;0;0;0;0;1;0;0
u1338.jpg;0;1;0;0;0;0;1;0;0
u1339.jpg;0;1;0;0;0;0;1;0;0
u1340.jpg;0;1;0;0;0;0;0;1;0
u1341.jpg;0;0;1;0;0;0;1;0;0
u1342.jpg;0;0;1;0;0;0;1;0;0
u1343.jpg;0;0;1;0;0;0;1;0;0
u1344.jpg;0;1;0;0;0;0;1;0;0
u1345.jpg;0;1;0;0;0;1;0;0;0
u1347.jpg;0;1;0;0;0;1;0;0;0
u1348.jpg;0;1;0;0;0;0;1;0;0
u1349.jpg;0;1;0;0;0;0;0;0;1
u1350.jpg;0;1;0;0;0;0;0;1;0
u1351.jpg;0;1;0;0;0;0;1;0;0
u1352.jpg;0;1;0;0;0;1;0;0;0
u1353.jpg;0;0;1;0;0;1;0;0;0
u1355.jpg;0;1;0;0;0;0;1;0;0
u1356.jpg;0;1;0;0;0;1;0;0;0
u1357.jpg;0;1;0;0;0;0;0;1;0
u1358.jpg;0;1;0;0;0;0;1;0;0
u1359.jpg;0;1;0;0;0;0;1;0;0
u1360.jpg;0;1;0;0;0;0;0;0;1
u1361.jpg;0;1;0;0;0;0;0;0;1
u1362.jpg;0;1;0;0;0;0;0;0;1
u1363.jpg;0;1;0;0;0;0;0;0;1
u1364.jpg;0;1;0;0;0;0;1;0;0
u1365.jpg;0;1;0;0;0;0;1;0;0
u1366.jpg;0;1;0;0;0;0;0;0;1
u1367.jpg;0;1;0;0;0;0;0;1;0
u1368.jpg;0;1;0;0;0;0;0;1;0
u1369.jpg;0;1;0;0;0;0;0;0;1
u1370.jpg;0;1;0;0;0;0;0;0;1
u1371.jpg;0;1;0;0;0;0;1;0;0
u1372.jpg;0;1;0;0;0;0;0;0;1
u1373.jpg;0;1;0;0;0;0;0;0;1
u1374.jpg;0;1;0;0;0;0;0;1;0
u1375.jpg;0;1;0;0;0;0;0;0;1
u1377.jpg;0;1;0;0;0;0;0;1;0
u1378.jpg;0;1;0;0;0;0;0;1;0
u1379.jpg;0;1;0;0;0;0;1;0;0
u1380.jpg;0;1;0;0;0;0;0;0;1
u1381.jpg;0;1;0;0;0;0;0;1;0
u1382.jpg;0;1;0;0;0;0;1;0;0
u1383.jpg;0;0;1;0;0;0;1;0;0
u1384.jpg;0;0;1;0;0;0;1;0;0
u1385.jpg;0;0;1;0;0;0;0;0;1
u1386.jpg;0;0;1;0;0;1;0;0;0
u1387.jpg;0;1;0;0;0;0;1;0;0
u1388.jpg;0;1;0;0;0;0;1;0;0
u1389.jpg;0;1;0;0;0;0;1;0;0
u1390.jpg;0;0;1;0;0;0;1;0;0
u1391.jpg;0;1;0;0;0;0;1;0;0
u1392.jpg;0;1;0;0;0;0;1;0;0
u1393.jpg;0;1;0;0;0;0;1;0;0
u1394.jpg;0;1;0;0;0;0;0;1;0
u1395.jpg;0;1;0;0;0;0;0;1;0
u1396.jpg;0;1;0;0;0;0;0;0;1
u1397.jpg;0;1;0;0;0;0;0;0;1
u1398.jpg;0;1;0;0;0;0;0;0;1
u1399.jpg;0;1;0;0;0;0;0;1;0
u1400.jpg;0;1;0;0;0;0;0;0;1
u1401.jpg;0;1;0;0;0;0;0;1;0
u1402.jpg;0;1;0;0;0;0;0;0;1
u1403.jpg;0;1;0;0;0;0;0;0;1
u1404.jpg;0;1;0;0;0;0;0;1;0
u1405.jpg;0;1;0;0;0;0;0;0;1
u1406.jpg;0;1;0;0;0;0;0;0;1
u1407.jpg;0;1;0;0;0;0;0;0;1
u1408.jpg;0;1;0;0;0;0;0;1;0
u1409.jpg;0;1;0;0;0;0;0;1;0
u1410.jpg;0;1;0;0;0;0;1;0;0
u1411.jpg;0;1;0;0;0;0;0;1;0
u1412.jpg;0;1;0;0;0;0;1;0;0
u1413.jpg;0;1;0;0;0;0;0;1;0
u1414.jpg;0;1;0;0;0;0;1;0;0
u1415.jpg;0;1;0;0;0;0;1;0;0
u1416.jpg;0;1;0;0;0;0;0;1;0
u1417.jpg;0;1;0;0;0;0;1;0;0
u1418.jpg;0;1;0;0;0;0;0;1;0
u1419.jpg;0;1;0;0;0;0;0;1;0
u1420.jpg;0;1;0;0;0;0;1;0;0
u1421.jpg;0;1;0;0;0;0;1;0;0
u1422.jpg;0;1;0;0;0;0;1;0;0
u1423.jpg;0;1;0;0;0;1;0;0;0
u1425.jpg;0;0;1;0;0;1;0;0;0
u1426.jpg;0;0;1;0;0;1;0;0;0
u1427.jpg;0;1;0;0;0;0;1;0;0
u1428.jpg;0;1;0;0;0;1;0;0;0
u1429.jpg;0;0;1;0;0;1;0;0;0
u1430.jpg;0;1;0;0;0;0;1;0;0
u1431.jpg;0;0;1;0;0;1;0;0;0
u1432.jpg;0;1;0;0;0;0;1;0;0
u1433.jpg;0;1;0;0;0;0;1;0;0
u1434.jpg;0;1;0;0;0;0;1;0;0
u1435.jpg;0;1;0;0;0;0;0;1;0
u1436.jpg;0;1;0;0;0;0;1;0;0
u1437.jpg;0;1;0;0;0;0;0;1;0
u1438.jpg;0;1;0;0;0;1;0;0;0
u1439.jpg;0;0;1;0;0;1;0;0;0
u1440.jpg;0;1;0;0;0;0;0;1;0
u1441.jpg;0;1;0;0;0;0;1;0;0
u1442.jpg;0;1;0;0;0;0;1;0;0
u1443.jpg;0;1;0;0;0;0;1;0;0
u1444.jpg;0;1;0;0;0;1;0;0;0
u1445.jpg;0;1;0;0;0;0;1;0;0
u1446.jpg;0;1;0;0;0;0;0;0;1
u1447.jpg;0;1;0;0;0;0;0;0;1
u1448.jpg;0;1;0;0;0;0;1;0;0
u1449.jpg;0;1;0;0;0;0;1;0;0
u1450.jpg;0;1;0;0;0;0;1;0;0
u1451.jpg;0;1;0;0;0;0;1;0;0
u1452.jpg;0;1;0;0;0;1;0;0;0
u1454.jpg;0;1;0;0;0;0;1;0;0
u1455.jpg;0;1;0;0;0;0;1;0;0
u1456.jpg;0;1;0;0;0;0;1;0;0
u1457.jpg;0;1;0;0;0;1;0;0;0
u1458.jpg;0;1;0;0;0;0;0;1;0
u1459.jpg;0;1;0;0;0;0;1;0;0
u1460.jpg;0;1;0;0;0;0;0;0;1
u1461.jpg;0;1;0;0;0;0;0;0;1
u1462.jpg;0;1;0;0;0;1;0;0;0
u1463.jpg;0;1;0;0;0;0;0;1;0
u1464.jpg;0;1;0;0;0;0;1;0;0
u1465.jpg;0;0;1;0;0;0;1;0;0
u1466.jpg;0;0;1;0;0;0;1;0;0
u1467.jpg;0;1;0;0;0;0;1;0;0
u1468.jpg;0;1;0;0;0;0;1;0;0
u1469.jpg;0;0;1;0;0;1;0;0;0
u1470.jpg;0;0;1;0;0;1;0;0;0
u1471.jpg;0;0;1;0;0;1;0;0;0
u1472.jpg;0;0;1;0;0;0;1;0;0
u1473.jpg;0;0;1;0;0;0;1;0;0
u1474.jpg;0;0;1;0;0;0;1;0;0
u1475.jpg;0;0;1;0;0;0;1;0;0
u1476.jpg;0;0;1;0;0;0;0;0;1
u1478.jpg;0;1;0;0;0;0;1;0;0
u1479.jpg;0;0;1;0;0;0;1;0;0
u1480.jpg;0;0;1;0;0;0;0;1;0
u1481.jpg;0;0;1;0;0;0;0;0;1
u1482.jpg;0;1;0;0;0;1;0;0;0
u1483.jpg;0;0;1;0;0;0;0;0;1
u1484.jpg;0;1;0;0;0;0;1;0;0
u1485.jpg;0;1;0;0;0;0;1;0;0
u1486.jpg;0;1;0;0;0;0;1;0;0
u1487.jpg;0;1;0;0;0;1;0;0;0
u1489.jpg;0;1;0;0;0;1;0;0;0
u1490.jpg;0;1;0;0;0;0;0;1;0
u1491.jpg;0;1;0;0;0;0;0;1;0
u1492.jpg;0;1;0;0;0;1;0;0;0
u1493.jpg;0;1;0;0;0;1;0;0;0
u1494.jpg;0;0;1;0;0;0;0;1;0
u1495.jpg;0;1;0;0;0;0;0;0;1
u1496.jpg;0;1;0;0;0;0;0;0;1
u1497.jpg;0;1;0;0;0;0;0;0;1
u1498.jpg;0;1;0;0;0;0;0;1;0
u1499.jpg;0;1;0;0;0;0;0;0;1
u1500.jpg;0;1;0;0;0;0;0;1;0
u1501.jpg;0;1;0;0;0;0;0;0;1
u1502.jpg;0;1;0;0;0;0;0;1;0
u1503.jpg;0;1;0;0;0;0;0;1;0
u1504.jpg;0;1;0;0;0;0;0;0;1
u1505.jpg;0;0;1;0;0;0;0;0;1
u1506.jpg;0;0;1;0;0;0;0;0;1
u1507.jpg;0;0;1;0;0;0;1;0;0
u1508.jpg;0;0;1;0;0;0;1;0;0
u1509.jpg;0;1;0;0;0;0;1;0;0
u1510.jpg;0;1;0;0;0;0;0;1;0
u1511.jpg;0;1;0;0;0;0;0;1;0
u1512.jpg;0;1;0;0;0;0;0;1;0
u1513.jpg;0;1;0;0;0;0;0;1;0
u1514.jpg;0;1;0;0;0;0;0;1;0
u1515.jpg;0;1;0;0;0;0;0;0;1
u1516.jpg;0;0;1;0;0;0;1;0;0
u1517.jpg;0;0;1;0;0;0;1;0;0
u1518.jpg;0;1;0;0;0;0;1;0;0
u1519.jpg;0;1;0;0;0;0;1;0;0
u1520.jpg;0;0;1;0;0;0;1;0;0
u1521.jpg;0;1;0;0;0;0;1;0;0
u1522.jpg;0;1;0;0;0;0;0;1;0
u1523.jpg;0;1;0;0;0;0;0;1;0
u1524.jpg;0;1;0;0;0;0;1;0;0
u1525.jpg;0;1;0;0;0;0;0;1;0
u1526.jpg;0;0;1;0;0;1;0;0;0
u1527.jpg;0;0;1;0;0;1;0;0;0
u1528.jpg;0;1;0;0;0;0;1;0;0
u1529.jpg;0;0;1;0;0;1;0;0;0
u1530.jpg;0;0;1;0;0;0;1;0;0
u1531.jpg;0;0;1;0;0;1;0;0;0
u1532.jpg;0;0;1;0;0;0;1;0;0
u1533.jpg;0;0;1;0;0;0;1;0;0
u1534.jpg;0;0;1;0;0;0;1;0;0
u1535.jpg;0;1;0;0;0;0;1;0;0
u1536.jpg;0;0;1;0;0;1;0;0;0
u1537.jpg;0;1;0;0;0;0;1;0;0
u1538.jpg;0;1;0;0;0;0;0;1;0
u1539.jpg;0;1;0;0;0;0;1;0;0
u1540.jpg;0;1;0;0;0;0;1;0;0
u1541.jpg;0;1;0;0;0;0;0;0;1
u1542.jpg;0;0;1;0;0;0;1;0;0
u1543.jpg;0;1;0;0;0;0;1;0;0
u1544.jpg;0;1;0;0;0;0;1;0;0
u1545.jpg;0;1;0;0;0;1;0;0;0
u1546.jpg;0;1;0;0;0;0;1;0;0
u1547.jpg;0;1;0;0;0;0;1;0;0
u1548.jpg;0;1;0;0;0;0;1;0;0
u1549.jpg;0;1;0;0;0;0;1;0;0
u1550.jpg;0;0;1;0;0;1;0;0;0
u1551.jpg;0;1;0;0;0;1;0;0;0
u1552.jpg;0;0;1;0;0;1;0;0;0
u1553.jpg;0;0;1;0;0;1;0;0;0
u1554.jpg;0;1;0;0;0;1;0;0;0
u1555.jpg;0;1;0;0;0;0;1;0;0
u1556.jpg;0;1;0;0;0;0;1;0;0
u1557.jpg;0;1;0;0;0;0;1;0;0
u1558.jpg;0;1;0;0;0;0;1;0;0
u1559.jpg;0;1;0;0;0;0;1;0;0
u1560.jpg;0;1;0;0;0;0;0;1;0
u1561.jpg;0;1;0;0;0;0;1;0;0
u1562.jpg;0;1;0;0;0;0;1;0;0
u1563.jpg;0;1;0;0;0;0;0;1;0
u1564.jpg;0;1;0;0;0;0;1;0;0
u1565.jpg;0;1;0;0;0;0;1;0;0
u1566.jpg;0;1;0;0;0;0;1;0;0
u1567.jpg;0;1;0;0;0;0;0;0;1
u1568.jpg;0;1;0;0;0;0;1;0;0
u1569.jpg;0;1;0;0;0;1;0;0;0
u1570.jpg;0;1;0;0;0;0;1;0;0
u1571.jpg;0;1;0;0;0;0;1;0;0
u1572.jpg;0;1;0;0;0;0;0;0;1
u1573.jpg;0;1;0;0;0;0;0;0;1
u1574.jpg;0;1;0;0;0;0;1;0;0
u1575.jpg;0;1;0;0;0;0;0;1;0
u1576.jpg;0;1;0;0;0;0;0;1;0
u1577.jpg;0;1;0;0;0;0;1;0;0
u1578.jpg;0;1;0;0;0;0;1;0;0
u1579.jpg;0;1;0;0;0;0;1;0;0
u1589.jpg;0;1;0;0;0;0;1;0;0
u1591.jpg;0;1;0;0;0;0;0;1;0
u1592.jpg;0;1;0;0;0;0;1;0;0
u1593.jpg;0;1;0;0;0;0;0;1;0
u1594.jpg;0;1;0;0;0;0;0;0;1
u1595.jpg;0;1;0;0;0;0;0;0;1
u1596.jpg;0;1;0;0;0;0;0;1;0
u1597.jpg;0;1;0;0;0;0;0;1;0
u1598.jpg;0;1;0;0;0;0;1;0;0
u1599.jpg;0;1;0;0;0;0;0;1;0
u1600.jpg;0;1;0;0;0;0;1;0;0
u1601.jpg;0;1;0;0;0;0;0;0;1
u1602.jpg;0;0;1;0;0;0;1;0;0
u1603.jpg;0;0;1;0;0;0;1;0;0
u1604.jpg;0;0;1;0;0;0;0;1;0
u1605.jpg;0;1;0;0;0;0;0;0;1
u1606.jpg;0;1;0;0;0;0;0;0;1
u1607.jpg;0;1;0;0;0;0;0;1;0
u1608.jpg;0;1;0;0;0;0;1;0;0
u1609.jpg;0;1;0;0;0;0;0;1;0
u1610.jpg;0;1;0;0;0;0;0;1;0
u1611.jpg;0;1;0;0;0;0;0;0;1
u1612.jpg;0;1;0;0;0;0;0;0;1
u1613.jpg;0;1;0;0;0;0;0;1;0
u1614.jpg;0;1;0;0;0;0;1;0;0
u1615.jpg;0;1;0;0;0;0;1;0;0
u1616.jpg;0;1;0;0;0;0;0;1;0
u1617.jpg;0;1;0;0;0;0;1;0;0
u1618.jpg;0;1;0;0;0;0;0;1;0
u1619.jpg;0;1;0;0;0;0;0;0;1
u1620.jpg;0;1;0;0;0;0;0;1;0
u1621.jpg;0;1;0;0;0;0;0;0;1
u1622.jpg;0;1;0;0;0;0;1;0;0
u1623.jpg;0;1;0;0;0;0;0;1;0
u1624.jpg;0;1;0;0;0;0;0;1;0
u1625.jpg;0;0;1;0;0;1;0;0;0
u1626.jpg;0;1;0;0;0;0;0;1;0
u1627.jpg;0;1;0;0;0;0;1;0;0
u1628.jpg;0;1;0;0;0;0;0;0;1
u1629.jpg;0;1;0;0;0;0;0;1;0
u1630.jpg;0;1;0;0;0;0;0;1;0
u1631.jpg;0;1;0;0;0;0;0;1;0
u1632.jpg;0;1;0;0;0;0;0;0;1
u1633.jpg;0;1;0;0;0;0;0;1;0
u1634.jpg;0;1;0;0;0;0;1;0;0
u1635.jpg;0;1;0;0;0;0;1;0;0
u1636.jpg;0;1;0;0;0;0;0;1;0
u1637.jpg;0;1;0;0;0;0;1;0;0
u1638.jpg;0;0;1;0;0;1;0;0;0
u1639.jpg;0;0;1;0;0;1;0;0;0
u1640.jpg;0;1;0;0;0;0;0;1;0
u1641.jpg;0;1;0;0;0;0;1;0;0
u1642.jpg;0;1;0;0;0;0;1;0;0
u1643.jpg;0;1;0;0;0;0;1;0;0
u1644.jpg;0;0;1;0;0;1;0;0;0
u1645.jpg;0;0;1;0;0;1;0;0;0
u1647.jpg;0;0;1;0;0;1;0;0;0
u1648.jpg;0;1;0;0;0;0;1;0;0
u1649.jpg;0;0;1;0;0;1;0;0;0
u1650.jpg;0;0;1;0;0;1;0;0;0
u1651.jpg;0;0;1;0;0;1;0;0;0
u1652.jpg;0;0;1;0;0;1;0;0;0
u1653.jpg;0;0;1;0;0;0;1;0;0
u1654.jpg;0;0;1;0;0;0;1;0;0
u1655.jpg;0;0;1;0;0;0;1;0;0
u1656.jpg;0;0;1;0;0;1;0;0;0
u1657.jpg;0;0;1;0;0;0;1;0;0
u1658.jpg;0;0;1;0;0;0;1;0;0
u1659.jpg;0;0;1;0;0;0;1;0;0
u1660.jpg;0;1;0;0;0;0;1;0;0
u1661.jpg;0;1;0;0;0;0;1;0;0
u1662.jpg;0;1;0;0;0;0;1;0;0
u1663.jpg;0;0;1;0;0;0;1;0;0
u1664.jpg;0;1;0;0;0;1;0;0;0
u1665.jpg;0;0;1;0;0;1;0;0;0
u1666.jpg;0;0;1;0;0;0;1;0;0
u1667.jpg;0;0;1;0;0;0;1;0;0
u1668.jpg;0;0;1;0;0;1;0;0;0
u1669.jpg;0;0;1;0;0;1;0;0;0
u1670.jpg;0;0;1;0;0;1;0;0;0
u1671.jpg;0;0;1;0;0;0;1;0;0
u1672.jpg;0;0;1;0;0;0;0;1;0
u1673.jpg;0;1;0;0;0;0;1;0;0
u1674.jpg;0;1;0;0;0;0;1;0;0
u1675.jpg;0;1;0;0;0;0;1;0;0
u1676.jpg;0;0;1;0;0;0;1;0;0
u1677.jpg;0;0;1;0;0;0;0;1;0
u1678.jpg;0;1;0;0;0;0;0;1;0
u1679.jpg;0;1;0;0;0;0;1;0;0
u1680.jpg;0;1;0;0;0;0;1;0;0
u1681.jpg;0;0;1;0;0;1;0;0;0
u1682.jpg;0;0;1;0;0;0;1;0;0
u1683.jpg;0;0;1;0;0;0;1;0;0
u1684.jpg;0;0;1;0;0;1;0;0;0
u1685.jpg;0;0;1;0;0;1;0;0;0
u1686.jpg;0;0;1;0;0;0;1;0;0
u1687.jpg;0;0;1;0;0;1;0;0;0
u1688.jpg;0;0;1;0;0;0;1;0;0
u1689.jpg;0;0;1;0;0;1;0;0;0
u1691.jpg;0;0;1;0;0;0;1;0;0
u1692.jpg;0;0;1;0;0;1;0;0;0
u1693.jpg;0;0;1;0;0;1;0;0;0
u1694.jpg;0;0;1;0;0;0;1;0;0
u1695.jpg;0;1;0;0;0;0;1;0;0
u1696.jpg;0;1;0;0;0;1;0;0;0
u1697.jpg;0;0;1;0;0;0;0;0;1
u1698.jpg;0;1;0;0;0;1;0;0;0
u1699.jpg;0;0;1;0;0;0;0;0;1
u1700.jpg;0;1;0;0;0;1;0;0;0
u1701.jpg;0;1;0;0;0;0;0;1;0
u1702.jpg;0;1;0;0;0;0;0;1;0
u1703.jpg;0;1;0;0;0;0;0;0;1
u1704.jpg;0;0;1;0;0;0;1;0;0
u1705.jpg;0;1;0;0;0;0;0;0;1
u1706.jpg;0;1;0;0;0;0;1;0;0
u1707.jpg;0;1;0;0;0;1;0;0;0
u1708.jpg;0;0;1;0;0;0;0;1;0
u1709.jpg;0;0;1;0;0;0;1;0;0
u1710.jpg;0;1;0;0;0;0;0;1;0
u1711.jpg;0;1;0;0;0;1;0;0;0
u1712.jpg;0;0;1;0;0;1;0;0;0
u1713.jpg;0;0;1;0;0;1;0;0;0
u1714.jpg;0;1;0;0;0;1;0;0;0
u1715.jpg;0;0;1;0;0;1;0;0;0
u1716.jpg;0;1;0;0;0;0;0;0;1
u1717.jpg;0;1;0;0;0;0;0;1;0
u1718.jpg;0;0;1;0;0;0;1;0;0
u1719.jpg;0;0;1;0;0;0;0;0;1
u1720.jpg;0;1;0;0;0;0;1;0;0
u1721.jpg;0;1;0;0;0;0;1;0;0
u1722.jpg;0;1;0;0;0;0;1;0;0
u1723.jpg;0;0;1;0;0;1;0;0;0
u1724.jpg;0;1;0;0;0;0;1;0;0
u1725.jpg;0;1;0;0;0;0;0;0;1
u1726.jpg;0;0;1;0;0;0;0;1;0
u1727.jpg;0;0;1;0;0;0;1;0;0
u1728.jpg;0;0;1;0;0;1;0;0;0
u1729.jpg;0;1;0;0;0;0;0;1;0
u1730.jpg;0;1;0;0;0;0;0;1;0
u1731.jpg;0;1;0;0;0;0;0;1;0
u1733.jpg;0;1;0;0;0;0;1;0;0
u1734.jpg;0;0;1;0;0;1;0;0;0
u1735.jpg;0;1;0;0;0;1;0;0;0
u1736.jpg;0;0;1;0;0;1;0;0;0
u1737.jpg;0;1;0;0;0;0;1;0;0
u1738.jpg;0;0;1;0;0;0;1;0;0
u1739.jpg;0;0;1;0;0;0;1;0;0
u1740.jpg;0;0;1;0;0;1;0;0;0
u1741.jpg;0;0;1;0;0;0;1;0;0
u1742.jpg;0;1;0;0;0;0;0;0;1
u1743.jpg;0;1;0;0;0;0;0;0;1
u1744.jpg;0;1;0;0;0;0;0;0;1
u1745.jpg;0;0;1;0;0;0;0;1;0
u1746.jpg;0;0;1;0;0;0;0;1;0
u1747.jpg;0;0;1;0;0;0;1;0;0
u1748.jpg;0;1;0;0;0;0;1;0;0
u1749.jpg;0;1;0;0;0;0;0;1;0
u1750.jpg;0;1;0;0;0;0;0;1;0
u1751.jpg;0;0;1;0;0;0;1;0;0
u1752.jpg;0;0;1;0;0;0;1;0;0
u1753.jpg;0;1;0;0;0;0;0;1;0
u1754.jpg;0;0;1;0;0;0;0;0;1
u1755.jpg;0;1;0;0;0;1;0;0;0
u1756.jpg;0;1;0;0;0;0;0;0;1
u1757.jpg;0;1;0;0;0;0;1;0;0
u1758.jpg;0;1;0;0;0;0;1;0;0
u1759.jpg;0;1;0;0;0;0;1;0;0
u1760.jpg;0;0;1;0;0;1;0;0;0
u1761.jpg;0;0;1;0;0;1;0;0;0
u1762.jpg;0;0;1;0;0;0;0;0;1
u1763.jpg;0;0;1;0;0;0;1;0;0
u1764.jpg;0;0;1;0;0;0;1;0;0
u1765.jpg;0;0;1;0;0;0;1;0;0
u1766.jpg;0;0;1;0;0;1;0;0;0
u1767.jpg;0;0;1;0;0;0;1;0;0
u1768.jpg;0;1;0;0;0;0;1;0;0
u1769.jpg;0;1;0;0;0;0;0;0;1
u1770.jpg;0;1;0;0;0;0;0;1;0
u1771.jpg;0;1;0;0;0;0;0;1;0
u1772.jpg;0;1;0;0;0;0;1;0;0
u1773.jpg;0;1;0;0;0;1;0;0;0
u1774.jpg;0;1;0;0;0;1;0;0;0
u1775.jpg;0;1;0;0;0;0;1;0;0
u1776.jpg;0;1;0;0;0;0;1;0;0
u1777.jpg;0;0;1;0;0;0;0;1;0
u1778.jpg;0;1;0;0;0;0;1;0;0
u1779.jpg;0;1;0;0;0;0;1;0;0
u1780.jpg;0;1;0;0;0;0;0;0;1
u1781.jpg;0;1;0;0;0;0;0;0;1
u1782.jpg;0;1;0;0;0;0;0;1;0
u1783.jpg;0;0;1;0;0;0;0;1;0
u1784.jpg;0;0;1;0;0;0;0;0;1
u1785.jpg;0;1;0;0;0;0;0;1;0
u1786.jpg;0;1;0;0;0;0;0;0;1
u1787.jpg;0;1;0;0;0;0;0;0;1
u1788.jpg;0;1;0;0;0;0;0;0;1
u1789.jpg;0;1;0;0;0;0;0;0;1
u1790.jpg;0;1;0;0;0;0;0;0;1
u1791.jpg;0;1;0;0;0;0;0;0;1
u1792.jpg;0;0;1;0;0;0;1;0;0
u1793.jpg;0;1;0;0;0;0;1;0;0
u1794.jpg;0;0;1;0;0;1;0;0;0
u1795.jpg;0;1;0;0;0;1;0;0;0
u1796.jpg;0;1;0;0;0;0;1;0;0
u1797.jpg;0;1;0;0;0;0;1;0;0
u1798.jpg;0;1;0;0;0;0;0;0;1
u1799.jpg;0;1;0;0;0;1;0;0;0
u1800.jpg;0;0;1;0;0;0;0;0;1
u1801.jpg;0;1;0;0;0;0;1;0;0
u1802.jpg;0;1;0;0;0;0;0;1;0
u1803.jpg;0;1;0;0;0;0;0;1;0
u1804.jpg;0;1;0;0;0;1;0;0;0
u1805.jpg;0;0;1;0;0;0;1;0;0
u1806.jpg;0;1;0;0;0;0;0;1;0
u1807.jpg;0;1;0;0;0;0;0;1;0
u1808.jpg;0;1;0;0;0;0;1;0;0
u1809.jpg;0;1;0;0;0;0;0;0;1
u1810.jpg;0;1;0;0;0;0;1;0;0
u1811.jpg;0;0;1;0;0;1;0;0;0
u1812.jpg;0;1;0;0;0;0;1;0;0
u1813.jpg;0;0;1;0;0;1;0;0;0
u1814.jpg;0;0;1;0;0;1;0;0;0
u1815.jpg;0;0;1;0;0;0;1;0;0
u1816.jpg;0;1;0;0;0;0;0;1;0
u1817.jpg;0;1;0;0;0;0;0;0;1
u1818.jpg;0;1;0;0;0;0;0;0;1
u1819.jpg;0;1;0;0;0;0;1;0;0
u1820.jpg;0;1;0;0;0;0;0;1;0
u1821.jpg;0;1;0;0;0;0;1;0;0
u1822.jpg;0;1;0;0;0;0;0;0;1
u1823.jpg;0;1;0;0;0;0;0;0;1
u1824.jpg;0;1;0;0;0;0;0;1;0
u1825.jpg;0;1;0;0;0;0;0;0;1
u1826.jpg;0;1;0;0;0;0;0;0;1
u1827.jpg;0;0;1;0;0;0;0;1;0
u1828.jpg;0;0;1;0;0;0;1;0;0
u1829.jpg;0;0;1;0;0;0;1;0;0
u1830.jpg;0;0;1;0;0;1;0;0;0
u1831.jpg;0;1;0;0;0;0;1;0;0
u1832.jpg;0;1;0;0;0;0;1;0;0
u1833.jpg;0;0;1;0;0;0;1;0;0
u1834.jpg;0;0;1;0;0;0;0;1;0
u1835.jpg;0;1;0;0;0;0;0;1;0
u1836.jpg;0;1;0;0;0;0;1;0;0
u1837.jpg;0;1;0;0;0;0;0;0;1
u1838.jpg;0;1;0;0;0;0;0;1;0
u1839.jpg;0;0;1;0;0;0;1;0;0
u1840.jpg;0;0;1;0;0;1;0;0;0
u1841.jpg;0;0;1;0;0;1;0;0;0
u1842.jpg;0;0;1;0;0;0;0;0;1
u1843.jpg;0;1;0;0;0;0;1;0;0
u1844.jpg;0;1;0;0;0;1;0;0;0
u1845.jpg;0;1;0;0;0;0;1;0;0
u1846.jpg;0;1;0;0;0;0;0;1;0
u1847.jpg;0;1;0;0;0;0;1;0;0
u1848.jpg;0;0;1;0;0;0;1;0;0
u1849.jpg;0;0;1;0;0;0;1;0;0
u1850.jpg;0;1;0;0;0;1;0;0;0
u1851.jpg;0;1;0;0;0;1;0;0;0
u1852.jpg;0;1;0;0;0;0;0;1;0
u1853.jpg;0;0;1;0;0;1;0;0;0
u1854.jpg;0;0;1;0;0;0;0;0;1
u1855.jpg;0;1;0;0;0;0;0;0;1
u1856.jpg;0;0;1;0;0;1;0;0;0
u1857.jpg;0;0;1;0;0;1;0;0;0
u1858.jpg;0;0;1;0;0;0;1;0;0
u1859.jpg;0;0;1;0;0;0;1;0;0
u1860.jpg;0;0;1;0;0;1;0;0;0
u1861.jpg;0;0;1;0;0;0;1;0;0
u1862.jpg;0;0;1;0;0;0;1;0;0
u1863.jpg;0;0;1;0;0;0;0;1;0
u1864.jpg;0;0;1;0;0;0;1;0;0
u1865.jpg;0;1;0;0;0;0;0;1;0
u1866.jpg;0;0;1;0;0;0;1;0;0
u1867.jpg;0;1;0;0;0;0;0;0;1
u1868.jpg;0;1;0;0;0;0;0;1;0
u1869.jpg;0;1;0;0;0;0;0;0;1
u1870.jpg;0;1;0;0;0;0;0;1;0
u1871.jpg;0;1;0;0;0;1;0;0;0
u1872.jpg;0;1;0;0;0;1;0;0;0
u1873.jpg;0;1;0;0;0;0;0;1;0
u1874.jpg;0;1;0;0;0;0;0;0;1
u1875.jpg;0;0;1;0;0;0;1;0;0
u1876.jpg;0;0;1;0;0;0;0;1;0
u1877.jpg;0;1;0;0;0;0;1;0;0
u1878.jpg;0;1;0;0;0;0;1;0;0
u1879.jpg;0;1;0;0;0;0;1;0;0
u1880.jpg;0;1;0;0;0;1;0;0;0
u1881.jpg;0;1;0;0;0;0;0;0;1
u1882.jpg;0;1;0;0;0;0;0;1;0
u1883.jpg;0;0;1;0;0;0;0;0;1
u1884.jpg;0;1;0;0;0;1;0;0;0
u1885.jpg;0;1;0;0;0;0;0;0;1
u1886.jpg;0;1;0;0;0;0;1;0;0
u1887.jpg;0;0;1;0;0;0;1;0;0
u1888.jpg;0;1;0;0;0;0;1;0;0
u1889.jpg;0;1;0;0;0;0;1;0;0
u1890.jpg;0;0;1;0;0;1;0;0;0
u1891.jpg;0;0;1;0;0;0;0;0;1
u1892.jpg;0;0;1;0;0;0;1;0;0
u1893.jpg;0;0;1;0;0;0;1;0;0
u1894.jpg;0;0;1;0;0;0;1;0;0
u1895.jpg;0;1;0;0;0;0;0;0;1
u1896.jpg;0;0;1;0;0;0;0;0;1
u1897.jpg;0;0;1;0;0;1;0;0;0
u1898.jpg;0;0;1;0;0;0;1;0;0
u1899.jpg;0;0;1;0;0;0;0;1;0
u1900.jpg;0;1;0;0;0;0;1;0;0
u1901.jpg;0;0;1;0;0;0;1;0;0
u1902.jpg;0;1;0;0;0;0;1;0;0
u1903.jpg;0;0;1;0;0;0;0;1;0
u1904.jpg;0;1;0;0;0;1;0;0;0
u1905.jpg;0;1;0;0;0;0;1;0;0
u1906.jpg;0;1;0;0;0;0;1;0;0
u1907.jpg;0;0;1;0;0;0;1;0;0
u1908.jpg;0;1;0;0;0;1;0;0;0
u1909.jpg;0;1;0;0;0;0;0;1;0
u1910.jpg;0;1;0;0;0;0;0;1;0
u1911.jpg;0;1;0;0;0;0;1;0;0
u1912.jpg;0;1;0;0;0;0;1;0;0
u1913.jpg;0;1;0;0;0;0;1;0;0
u1914.jpg;0;0;1;0;0;0;1;0;0
u1915.jpg;0;1;0;0;0;0;0;1;0
u1916.jpg;0;0;1;0;0;0;1;0;0
u1917.jpg;0;1;0;0;0;0;0;1;0
u1918.jpg;0;1;0;0;0;0;1;0;0
u1919.jpg;0;1;0;0;0;0;1;0;0
u1920.jpg;0;0;1;0;0;0;0;1;0
u1921.jpg;0;0;1;0;0;0;1;0;0
u1922.jpg;0;1;0;0;0;0;1;0;0
u1923.jpg;0;1;0;0;0;0;1;0;0
u1924.jpg;0;0;1;0;0;0;0;0;1
u1925.jpg;0;0;1;0;0;0;1;0;0
u1926.jpg;0;1;0;0;0;0;0;1;0
u1927.jpg;0;1;0;0;0;0;1;0;0
u1928.jpg;0;1;0;0;0;0;0;1;0
u1929.jpg;0;1;0;0;0;0;0;1;0
u1930.jpg;0;1;0;0;0;0;1;0;0
u1931.jpg;0;1;0;0;0;0;0;1;0
u1932.jpg;0;1;0;0;0;0;0;0;1
u1933.jpg;0;1;0;0;0;0;1;0;0
u1934.jpg;0;1;0;0;0;0;1;0;0
u1935.jpg;0;1;0;0;0;0;0;1;0
u1936.jpg;0;1;0;0;0;0;0;0;1
u1937.jpg;0;1;0;0;0;0;0;0;1
u1938.jpg;0;1;0;0;0;0;0;1;0
u1939.jpg;0;0;1;0;0;0;1;0;0
u1940.jpg;0;1;0;0;0;0;1;0;0
u1941.jpg;0;1;0;0;0;1;0;0;0
u1942.jpg;0;1;0;0;0;1;0;0;0
u1943.jpg;0;0;1;0;0;1;0;0;0
u1944.jpg;0;0;1;0;0;1;0;0;0
u1945.jpg;0;1;0;0;0;0;0;1;0
u1946.jpg;0;1;0;0;0;0;0;0;1
u1947.jpg;0;1;0;0;0;0;0;0;1
u1948.jpg;0;1;0;0;0;0;1;0;0
u1949.jpg;0;0;1;0;0;0;0;1;0
u1950.jpg;0;0;1;0;0;0;1;0;0
u1951.jpg;0;1;0;0;0;1;0;0;0
u1952.jpg;0;1;0;0;0;1;0;0;0
u1953.jpg;0;1;0;0;0;0;1;0;0
u1954.jpg;0;0;1;0;0;0;1;0;0
u1955.jpg;0;1;0;0;0;0;0;1;0
u1956.jpg;0;1;0;0;0;0;0;1;0
u1957.jpg;0;1;0;0;0;0;1;0;0
u1958.jpg;0;1;0;0;0;0;0;1;0
u1959.jpg;0;1;0;0;0;0;0;0;1
u1960.jpg;0;1;0;0;0;0;0;1;0
u1961.jpg;0;1;0;0;0;0;0;1;0
u1962.jpg;0;1;0;0;0;0;1;0;0
u1963.jpg;0;1;0;0;0;1;0;0;0
u1964.jpg;0;1;0;0;0;0;0;1;0
u1965.jpg;0;1;0;0;0;0;0;0;1
u1966.jpg;0;1;0;0;0;0;0;1;0
u1967.jpg;0;0;1;0;0;1;0;0;0
u1968.jpg;0;1;0;0;0;0;1;0;0
u1969.jpg;0;1;0;0;0;0;0;1;0
u1970.jpg;0;1;0;0;0;0;0;1;0
u1972.jpg;0;1;0;0;0;0;0;0;1
u1973.jpg;0;0;1;0;0;1;0;0;0
u1974.jpg;0;0;1;0;0;0;1;0;0
u1975.jpg;0;0;1;0;0;0;1;0;0
u1976.jpg;0;0;1;0;0;0;1;0;0
u1977.jpg;0;0;1;0;0;0;1;0;0
u1978.jpg;0;1;0;0;0;0;0;0;1
u1979.jpg;0;1;0;0;0;0;0;1;0
u1980.jpg;0;0;1;0;0;1;0;0;0
u1981.jpg;0;0;1;0;0;0;1;0;0
u1982.jpg;0;0;1;0;0;0;0;0;1
u1983.jpg;0;1;0;0;0;0;0;1;0
u1984.jpg;0;0;1;0;0;1;0;0;0
u1985.jpg;0;0;1;0;0;1;0;0;0
u1986.jpg;0;1;0;0;0;0;1;0;0
u1987.jpg;0;0;1;0;0;0;1;0;0
u1988.jpg;0;0;1;0;0;0;0;1;0
u1989.jpg;0;0;1;0;0;1;0;0;0
u1990.jpg;0;0;1;0;0;1;0;0;0
u1991.jpg;0;0;1;0;0;1;0;0;0
u1992.jpg;0;0;1;0;0;0;0;1;0
u1993.jpg;0;0;1;0;0;0;1;0;0
u1994.jpg;0;0;1;0;0;1;0;0;0
u1995.jpg;0;1;0;0;0;1;0;0;0
u1996.jpg;0;1;0;0;0;0;1;0;0
u1997.jpg;0;1;0;0;0;0;1;0;0
u1998.jpg;0;1;0;0;0;0;0;1;0
u1999.jpg;0;1;0;0;0;0;1;0;0
u2000.jpg;0;1;0;0;0;0;1;0;0
u2001.jpg;0;1;0;0;0;0;1;0;0
u2002.jpg;0;1;0;0;0;0;0;1;0
u2003.jpg;0;1;0;0;0;0;1;0;0
u2004.jpg;0;1;0;0;0;0;1;0;0
u2005.jpg;0;1;0;0;0;0;1;0;0
u2006.jpg;0;1;0;0;0;0;1;0;0
u2007.jpg;0;1;0;0;0;0;1;0;0
u2008.jpg;0;1;0;0;0;0;0;1;0
u2009.jpg;0;1;0;0;0;0;0;1;0
u2010.jpg;0;1;0;0;0;0;0;1;0
u2011.jpg;0;1;0;0;0;0;0;1;0
u2012.jpg;0;1;0;0;0;0;1;0;0
u2013.jpg;0;1;0;0;0;0;1;0;0
u2014.jpg;0;1;0;0;0;0;0;0;1
u2015.jpg;0;1;0;0;0;0;0;1;0
u2016.jpg;0;1;0;0;0;0;0;1;0
u2017.jpg;0;1;0;0;0;0;1;0;0
u2018.jpg;0;1;0;0;0;0;1;0;0
u2019.jpg;0;1;0;0;0;0;1;0;0
u2020.jpg;0;1;0;0;0;0;1;0;0
u2021.jpg;0;1;0;0;0;0;1;0;0
u2022.jpg;0;1;0;0;0;0;0;0;1
u2023.jpg;0;1;0;0;0;0;0;0;1
u2024.jpg;0;1;0;0;0;0;0;1;0
u2025.jpg;0;1;0;0;0;0;0;0;1
u2026.jpg;0;1;0;0;0;0;0;1;0
u2027.jpg;0;1;0;0;0;0;0;1;0
u2028.jpg;0;1;0;0;0;0;0;1;0
u2029.jpg;0;1;0;0;0;0;0;1;0
u2030.jpg;0;1;0;0;0;0;0;0;1
u2031.jpg;0;1;0;0;0;0;1;0;0
u2032.jpg;0;1;0;0;0;0;0;1;0
u2033.jpg;0;1;0;0;0;0;0;1;0
u2034.jpg;0;1;0;0;0;1;0;0;0
u2035.jpg;0;1;0;0;0;1;0;0;0
u2036.jpg;0;1;0;0;0;0;1;0;0
u2037.jpg;0;1;0;0;0;1;0;0;0
u2038.jpg;0;1;0;0;0;0;1;0;0
u2039.jpg;0;1;0;0;0;0;0;0;1
u2040.jpg;0;1;0;0;0;0;0;0;1
u2041.jpg;0;1;0;0;0;0;0;1;0
u2042.jpg;0;0;1;0;0;0;1;0;0
u2043.jpg;0;1;0;0;0;0;0;1;0
u2044.jpg;0;1;0;0;0;0;0;1;0
u2045.jpg;0;1;0;0;0;0;0;1;0
u2046.jpg;0;1;0;0;0;0;0;0;1
u2047.jpg;0;1;0;0;0;0;0;1;0
u2048.jpg;0;1;0;0;0;0;0;1;0
u2049.jpg;0;0;1;0;0;0;0;0;1
u2050.jpg;0;0;1;0;0;0;1;0;0
u2051.jpg;0;0;1;0;0;0;1;0;0
u2052.jpg;0;0;1;0;0;0;0;1;0
u2053.jpg;0;0;1;0;0;0;0;0;1
u2054.jpg;0;1;0;0;0;0;0;0;1
u2055.jpg;0;1;0;0;0;0;0;1;0
u2056.jpg;0;1;0;0;0;0;0;1;0
u2057.jpg;0;1;0;0;0;0;1;0;0
u2058.jpg;0;1;0;0;0;0;0;1;0
u2059.jpg;0;1;0;0;0;0;0;1;0
u2060.jpg;0;1;0;0;0;0;0;1;0
u2061.jpg;0;1;0;0;0;0;0;1;0
u2062.jpg;0;1;0;0;0;0;1;0;0
u2063.jpg;0;1;0;0;0;0;1;0;0
u2064.jpg;0;1;0;0;0;0;1;0;0
u2065.jpg;0;1;0;0;0;0;1;0;0
u2066.jpg;0;1;0;0;0;0;0;1;0
u2067.jpg;0;1;0;0;0;0;0;0;1
u2068.jpg;0;0;1;0;0;0;0;0;1
u2069.jpg;0;0;1;0;0;0;1;0;0
u2070.jpg;0;0;1;0;0;0;0;1;0
u2071.jpg;0;0;1;0;0;1;0;0;0
u2072.jpg;0;0;1;0;0;0;1;0;0
u2073.jpg;0;0;1;0;0;1;0;0;0
u2074.jpg;0;1;0;0;0;0;1;0;0
u2075.jpg;0;0;1;0;0;0;0;1;0
u2076.jpg;0;0;1;0;0;1;0;0;0
u2077.jpg;0;0;1;0;0;0;1;0;0
u2078.jpg;0;1;0;0;0;0;1;0;0
u2079.jpg;0;0;1;0;0;1;0;0;0
u2080.jpg;0;0;1;0;0;0;1;0;0
u2081.jpg;0;0;1;0;0;1;0;0;0
u2082.jpg;0;0;1;0;0;1;0;0;0
u2083.jpg;0;1;0;0;0;0;0;0;1
u2084.jpg;0;1;0;0;0;0;0;0;1
u2085.jpg;0;1;0;0;0;0;0;0;1
u2086.jpg;0;1;0;0;0;0;0;1;0
u2087.jpg;0;1;0;0;0;0;1;0;0
u2088.jpg;0;1;0;0;0;1;0;0;0
u2089.jpg;0;1;0;0;0;0;1;0;0
u2090.jpg;0;1;0;0;0;1;0;0;0
u2091.jpg;0;1;0;0;0;0;0;1;0
u2092.jpg;0;1;0;0;0;0;0;1;0
u2093.jpg;0;1;0;0;0;0;0;1;0
u2094.jpg;0;1;0;0;0;0;0;0;1
u2095.jpg;0;1;0;0;0;0;0;1;0
u2096.jpg;0;1;0;0;0;0;1;0;0
u2097.jpg;0;0;1;0;0;1;0;0;0
u2098.jpg;0;0;1;0;0;1;0;0;0
u2099.jpg;0;1;0;0;0;0;1;0;0
u2100.jpg;0;1;0;0;0;0;0;1;0
u2101.jpg;0;1;0;0;0;0;0;1;0
u2102.jpg;0;1;0;0;0;0;0;0;1
u2103.jpg;0;1;0;0;0;0;0;1;0
u2104.jpg;0;0;1;0;0;0;1;0;0
u2105.jpg;0;1;0;0;0;0;0;1;0
u2106.jpg;0;1;0;0;0;0;0;1;0
u2107.jpg;0;1;0;0;0;0;1;0;0
u2108.jpg;0;1;0;0;0;0;0;0;1
u2109.jpg;0;1;0;0;0;0;0;1;0
u2110.jpg;0;1;0;0;0;0;1;0;0
u2111.jpg;0;0;1;0;0;1;0;0;0
u2112.jpg;0;1;0;0;0;0;1;0;0
u2113.jpg;0;1;0;0;0;0;1;0;0
u2114.jpg;0;1;0;0;0;0;0;1;0
u2115.jpg;0;1;0;0;0;0;0;1;0
u2116.jpg;0;1;0;0;0;0;0;0;1
u2117.jpg;0;1;0;0;0;0;0;1;0
u2118.jpg;0;0;1;0;0;0;0;1;0
u2119.jpg;0;1;0;0;0;0;0;0;1
u2120.jpg;0;1;0;0;0;0;0;0;1
u2121.jpg;0;1;0;0;0;0;0;0;1
u2122.jpg;0;0;1;0;0;0;1;0;0
u2123.jpg;0;0;1;0;0;0;1;0;0
u2124.jpg;0;0;1;0;0;1;0;0;0
u2125.jpg;0;1;0;0;0;0;1;0;0
u2126.jpg;0;1;0;0;0;1;0;0;0
u2127.jpg;0;0;1;0;0;1;0;0;0
u2128.jpg;0;1;0;0;0;1;0;0;0
u2129.jpg;0;0;1;0;0;1;0;0;0
u2130.jpg;0;0;1;0;0;1;0;0;0
u2131.jpg;0;0;1;0;0;0;1;0;0
u2132.jpg;0;0;1;0;0;0;1;0;0
u2133.jpg;0;0;1;0;0;1;0;0;0
u2134.jpg;0;1;0;0;0;0;1;0;0
u2135.jpg;0;0;1;0;0;0;1;0;0
u2136.jpg;0;1;0;0;0;0;0;1;0
u2137.jpg;0;1;0;0;0;0;1;0;0
u2138.jpg;0;1;0;0;0;1;0;0;0
u2139.jpg;0;0;1;0;0;1;0;0;0
u2140.jpg;0;1;0;0;0;0;1;0;0
u2141.jpg;0;0;1;0;0;0;1;0;0
u2142.jpg;0;0;1;0;0;1;0;0;0
u2143.jpg;0;0;1;0;0;1;0;0;0
u2144.jpg;0;0;1;0;0;1;0;0;0
u2145.jpg;0;1;0;0;0;0;1;0;0
u2146.jpg;0;0;1;0;0;1;0;0;0
u2147.jpg;0;0;1;0;0;1;0;0;0
u2148.jpg;0;0;1;0;0;0;1;0;0
u2149.jpg;0;1;0;0;0;1;0;0;0
u2150.jpg;0;1;0;0;0;1;0;0;0
u2151.jpg;0;0;1;0;0;1;0;0;0
u2152.jpg;0;0;1;0;0;1;0;0;0
u2153.jpg;0;0;1;0;0;0;1;0;0
u2154.jpg;0;0;1;0;0;1;0;0;0
u2155.jpg;0;0;1;0;0;1;0;0;0
u2156.jpg;0;0;1;0;0;1;0;0;0
u2157.jpg;0;0;1;0;0;1;0;0;0
u2158.jpg;0;0;1;0;0;1;0;0;0
u2159.jpg;0;0;1;0;0;1;0;0;0
u2160.jpg;0;0;1;0;0;1;0;0;0
u2161.jpg;0;0;1;0;0;1;0;0;0
u2162.jpg;0;0;1;0;0;1;0;0;0
u2163.jpg;0;0;1;0;0;0;1;0;0
u2164.jpg;0;0;1;0;0;1;0;0;0
u2165.jpg;0;0;1;0;0;1;0;0;0
u2166.jpg;0;0;1;0;0;1;0;0;0
u2167.jpg;0;0;1;0;0;1;0;0;0
u2168.jpg;0;0;1;0;0;0;1;0;0
u2169.jpg;0;0;1;0;0;0;0;1;0
u2170.jpg;0;0;1;0;0;1;0;0;0
u2171.jpg;0;0;1;0;0;1;0;0;0
u2172.jpg;0;0;1;0;0;0;1;0;0
u2173.jpg;0;1;0;0;0;0;1;0;0
u2174.jpg;0;0;1;0;0;1;0;0;0
u2175.jpg;0;1;0;0;0;0;0;1;0
u2176.jpg;0;1;0;0;0;0;0;1;0
u2177.jpg;0;1;0;0;0;0;0;1;0
u2178.jpg;0;1;0;0;0;0;1;0;0
u2179.jpg;0;1;0;0;0;1;0;0;0
u2180.jpg;0;0;1;0;0;0;1;0;0
u2181.jpg;0;0;1;0;0;0;0;1;0
u2182.jpg;0;0;1;0;0;0;1;0;0
u2183.jpg;0;0;1;0;0;0;1;0;0
u2184.jpg;0;1;0;0;0;0;0;0;1
u2185.jpg;0;1;0;0;0;0;0;0;1
u2186.jpg;0;1;0;0;0;0;0;1;0
u2187.jpg;0;1;0;0;0;0;1;0;0
u2188.jpg;0;1;0;0;0;0;0;1;0
u2189.jpg;0;1;0;0;0;1;0;0;0
u2190.jpg;0;1;0;0;0;0;1;0;0
u2191.jpg;0;1;0;0;0;0;1;0;0
u2192.jpg;0;1;0;0;0;0;0;1;0
u2193.jpg;0;1;0;0;0;0;0;1;0
u2194.jpg;0;1;0;0;0;0;1;0;0
u2195.jpg;0;1;0;0;0;0;0;1;0
u2196.jpg;0;1;0;0;0;0;0;0;1
u2197.jpg;0;1;0;0;0;0;0;1;0
u2198.jpg;0;1;0;0;0;0;0;0;1
u2199.jpg;0;1;0;0;0;0;0;1;0
u2200.jpg;0;1;0;0;0;0;0;1;0
u2201.jpg;0;0;1;0;0;0;1;0;0
u2202.jpg;0;1;0;0;0;0;1;0;0
u2203.jpg;0;0;1;0;0;1;0;0;0
u2204.jpg;0;1;0;0;0;0;1;0;0
u2205.jpg;0;1;0;0;0;0;1;0;0
u2206.jpg;0;1;0;0;0;0;1;0;0
u2207.jpg;0;1;0;0;0;0;0;1;0
u2208.jpg;0;1;0;0;0;0;0;0;1
u2209.jpg;0;1;0;0;0;1;0;0;0
u2210.jpg;0;1;0;0;0;0;0;1;0
u2211.jpg;0;1;0;0;0;0;1;0;0
u2212.jpg;0;1;0;0;0;0;0;1;0
u2213.jpg;0;1;0;0;0;0;1;0;0
u2214.jpg;0;0;1;0;0;0;1;0;0
u2215.jpg;0;0;1;0;0;0;1;0;0
u2216.jpg;0;0;1;0;0;0;1;0;0
u2217.jpg;0;0;1;0;0;0;0;0;1
u2218.jpg;0;0;1;0;0;0;1;0;0
u2219.jpg;0;0;1;0;0;0;0;1;0
u2220.jpg;0;0;1;0;0;0;0;1;0
u2221.jpg;0;0;1;0;0;0;1;0;0
u2222.jpg;0;1;0;0;0;0;0;1;0
u2223.jpg;0;0;1;0;0;0;1;0;0
u2224.jpg;0;1;0;0;0;0;1;0;0
u2225.jpg;0;1;0;0;0;0;0;1;0
u2226.jpg;0;1;0;0;0;0;0;0;1
u2227.jpg;0;0;1;0;0;0;0;1;0
u2228.jpg;0;1;0;0;0;0;0;1;0
u2229.jpg;0;1;0;0;0;0;0;1;0
u2230.jpg;0;0;1;0;0;0;0;0;1
u2231.jpg;0;0;1;0;0;0;0;0;1
u2232.jpg;0;0;1;0;0;0;0;0;1
u2233.jpg;0;0;1;0;0;0;0;1;0
u2234.jpg;0;1;0;0;0;0;1;0;0
u2235.jpg;0;0;1;0;0;0;0;1;0
u2236.jpg;0;0;1;0;0;0;1;0;0
u2237.jpg;0;1;0;0;0;0;1;0;0
u2238.jpg;0;1;0;0;0;0;1;0;0
u2239.jpg;0;1;0;0;0;0;1;0;0
u2240.jpg;0;0;1;0;0;0;1;0;0
u2241.jpg;0;0;1;0;0;0;1;0;0
u2242.jpg;0;0;1;0;0;0;0;1;0
u2243.jpg;0;0;1;0;0;0;1;0;0
u2244.jpg;0;0;1;0;0;0;0;1;0
u2245.jpg;0;1;0;0;0;0;0;0;1
u2246.jpg;0;1;0;0;0;0;0;1;0
u2247.jpg;0;1;0;0;0;0;1;0;0
u2248.jpg;0;1;0;0;0;0;0;1;0
u2249.jpg;0;1;0;0;0;0;0;0;1
u2250.jpg;0;1;0;0;0;0;0;1;0
u2251.jpg;0;1;0;0;0;0;0;1;0
u2252.jpg;0;1;0;0;0;0;0;1;0
u2253.jpg;0;1;0;0;0;0;0;0;1
u2254.jpg;0;1;0;0;0;0;1;0;0
u2255.jpg;0;1;0;0;0;0;1;0;0
u2256.jpg;0;1;0;0;0;0;0;1;0
u2257.jpg;0;1;0;0;0;0;0;1;0
u2258.jpg;0;1;0;0;0;0;0;1;0
u2259.jpg;0;1;0;0;0;0;0;1;0
u2260.jpg;0;1;0;0;0;0;0;0;1
u2261.jpg;0;1;0;0;0;0;0;1;0
u2262.jpg;0;1;0;0;0;0;0;1;0
u2263.jpg;0;1;0;0;0;0;0;1;0
u2264.jpg;0;1;0;0;0;0;0;0;1
u2265.jpg;0;1;0;0;0;0;0;0;1
u2266.jpg;0;1;0;0;0;0;0;0;1
u2267.jpg;0;1;0;0;0;1;0;0;0
u2268.jpg;0;1;0;0;0;0;0;1;0
u2269.jpg;0;1;0;0;0;0;0;1;0
u2270.jpg;0;1;0;0;0;0;0;1;0
u2271.jpg;0;1;0;0;0;0;1;0;0
u2272.jpg;0;1;0;0;0;0;0;1;0
u2273.jpg;0;1;0;0;0;0;0;1;0
u2274.jpg;0;1;0;0;0;0;1;0;0
u2275.jpg;0;1;0;0;0;0;0;1;0
u2276.jpg;0;1;0;0;0;0;1;0;0
u2277.jpg;0;1;0;0;0;0;0;0;1
u2278.jpg;0;1;0;0;0;0;1;0;0
u2279.jpg;0;1;0;0;0;0;0;0;1
u2280.jpg;0;1;0;0;0;0;0;0;1
u2281.jpg;0;1;0;0;0;0;1;0;0
u2282.jpg;0;1;0;0;0;0;0;1;0
u2283.jpg;0;1;0;0;0;0;1;0;0
u2284.jpg;0;1;0;0;0;0;0;1;0
u2285.jpg;0;1;0;0;0;0;0;0;1
u2286.jpg;0;1;0;0;0;0;0;1;0
u2287.jpg;0;1;0;0;0;0;0;1;0
u2288.jpg;0;1;0;0;0;0;0;0;1
u2289.jpg;0;1;0;0;0;0;0;0;1
u2290.jpg;0;1;0;0;0;0;0;1;0
u2291.jpg;0;1;0;0;0;0;1;0;0
u2292.jpg;0;1;0;0;0;0;1;0;0
u2293.jpg;0;1;0;0;0;0;1;0;0
u2294.jpg;0;0;1;0;0;0;1;0;0
u2295.jpg;0;0;1;0;0;0;0;1;0
u2296.jpg;0;0;1;0;0;0;0;1;0
u2297.jpg;0;0;1;0;0;0;0;0;1
u2298.jpg;0;0;1;0;0;0;1;0;0
u2299.jpg;0;1;0;0;0;0;0;0;1
u2300.jpg;0;1;0;0;0;0;0;0;1
u2301.jpg;0;1;0;0;0;0;0;0;1
u2302.jpg;0;1;0;0;0;0;0;0;1
u2303.jpg;0;1;0;0;0;0;0;0;1
u2304.jpg;0;1;0;0;0;0;0;0;1
u2305.jpg;0;1;0;0;0;0;0;0;1
u2306.jpg;0;1;0;0;0;0;0;1;0
u2307.jpg;0;1;0;0;0;0;0;0;1
u2308.jpg;0;1;0;0;0;0;0;1;0
u2309.jpg;0;1;0;0;0;0;1;0;0
u2310.jpg;0;1;0;0;0;0;0;1;0
u2311.jpg;0;1;0;0;0;0;0;1;0
u2312.jpg;0;1;0;0;0;0;1;0;0
u2313.jpg;0;1;0;0;0;0;1;0;0
u2314.jpg;0;1;0;0;0;0;0;0;1
u2315.jpg;0;1;0;0;0;0;0;1;0
u2316.jpg;0;1;0;0;0;0;0;1;0
u2317.jpg;0;1;0;0;0;0;0;0;1
u2318.jpg;0;1;0;0;0;0;1;0;0
u2319.jpg;0;1;0;0;0;0;0;0;1
u2320.jpg;0;1;0;0;0;0;0;0;1
u2321.jpg;0;1;0;0;0;0;1;0;0
u2322.jpg;0;1;0;0;0;0;1;0;0
u2323.jpg;0;1;0;0;0;0;0;1;0
u2324.jpg;0;1;0;0;0;0;1;0;0
u2325.jpg;0;1;0;0;0;0;0;1;0
u2326.jpg;0;1;0;0;0;0;0;1;0
u2327.jpg;0;1;0;0;0;0;0;0;1
u2328.jpg;0;1;0;0;0;0;0;1;0
u2329.jpg;0;1;0;0;0;0;0;1;0
u2330.jpg;0;1;0;0;0;0;1;0;0
u2331.jpg;0;1;0;0;0;0;0;1;0
u2332.jpg;0;1;0;0;0;0;0;1;0
u2333.jpg;0;0;1;0;0;0;0;1;0
u2334.jpg;0;1;0;0;0;0;1;0;0
u2335.jpg;0;1;0;0;0;0;1;0;0
u2336.jpg;0;1;0;0;0;0;1;0;0
u2337.jpg;0;1;0;0;0;0;1;0;0
u2338.jpg;0;1;0;0;0;0;0;0;1
u2339.jpg;0;1;0;0;0;0;0;1;0
u2340.jpg;0;1;0;0;0;0;0;0;1
u2341.jpg;0;1;0;0;0;0;0;1;0
u2342.jpg;0;1;0;0;0;0;0;1;0
u2343.jpg;0;1;0;0;0;0;0;0;1
u2344.jpg;0;1;0;0;0;0;0;0;1
u2345.jpg;0;1;0;0;0;0;0;0;1
u2346.jpg;0;1;0;0;0;0;0;1;0
u2347.jpg;0;1;0;0;0;0;0;1;0
u2348.jpg;0;1;0;0;0;0;0;1;0
u2350.jpg;0;1;0;0;0;0;0;0;1
u2351.jpg;0;1;0;0;0;0;0;0;1
u2352.jpg;0;1;0;0;0;0;0;0;1
u2353.jpg;0;1;0;0;0;0;1;0;0
u2354.jpg;0;1;0;0;0;0;1;0;0
u2355.jpg;0;1;0;0;0;0;0;1;0
u2356.jpg;0;1;0;0;0;0;0;0;1
u2357.jpg;0;1;0;0;0;0;0;1;0
u2358.jpg;0;1;0;0;0;0;0;1;0
u2359.jpg;0;1;0;0;0;0;0;0;1
u2360.jpg;0;1;0;0;0;0;0;0;1
u2361.jpg;0;1;0;0;0;0;0;1;0
u2362.jpg;0;1;0;0;0;0;0;0;1
u2363.jpg;0;1;0;0;0;0;1;0;0
u2364.jpg;0;1;0;0;0;0;0;1;0
u2365.jpg;0;1;0;0;0;0;1;0;0
u2366.jpg;0;1;0;0;0;0;1;0;0
u2367.jpg;0;1;0;0;0;0;1;0;0
u2368.jpg;0;1;0;0;0;0;1;0;0
u2369.jpg;0;1;0;0;0;0;0;1;0
u2370.jpg;0;1;0;0;0;0;0;1;0
u2371.jpg;0;1;0;0;0;0;0;1;0
u2372.jpg;0;1;0;0;0;0;1;0;0
u2373.jpg;0;1;0;0;0;0;0;0;1
u2374.jpg;0;1;0;0;0;0;0;1;0
u2375.jpg;0;1;0;0;0;0;1;0;0
u2376.jpg;0;1;0;0;0;0;0;1;0
u2377.jpg;0;1;0;0;0;0;0;1;0
u2378.jpg;0;1;0;0;0;0;0;0;1
u2379.jpg;0;1;0;0;0;0;0;1;0
u2380.jpg;0;1;0;0;0;0;0;0;1
u2381.jpg;0;1;0;0;0;0;0;0;1
u2382.jpg;0;1;0;0;0;0;0;1;0
u2383.jpg;0;1;0;0;0;0;0;1;0
u2384.jpg;0;1;0;0;0;0;1;0;0
u2385.jpg;0;1;0;0;0;0;0;0;1
u2386.jpg;0;1;0;0;0;0;0;1;0
u2387.jpg;0;1;0;0;0;0;0;1;0
u2388.jpg;0;1;0;0;0;0;0;1;0
u2389.jpg;0;1;0;0;0;0;0;0;1
u2390.jpg;0;1;0;0;0;0;0;1;0
u2391.jpg;0;1;0;0;0;0;0;0;1
u2392.jpg;0;1;0;0;0;0;1;0;0
u2393.jpg;0;1;0;0;0;0;0;1;0
u2394.jpg;0;1;0;0;0;0;0;1;0
u2395.jpg;0;1;0;0;0;0;0;1;0
u2396.jpg;0;1;0;0;0;0;0;1;0
u2397.jpg;0;1;0;0;0;0;1;0;0
u2398.jpg;0;1;0;0;0;0;1;0;0
u2399.jpg;0;0;1;0;0;0;1;0;0
u2400.jpg;0;1;0;0;0;0;1;0;0
u2401.jpg;0;1;0;0;0;0;0;1;0
u2402.jpg;0;1;0;0;0;0;0;0;1
u2403.jpg;0;1;0;0;0;0;0;1;0
u2404.jpg;0;1;0;0;0;0;0;1;0
u2405.jpg;0;1;0;0;0;0;0;1;0
u2406.jpg;0;1;0;0;0;0;0;1;0
u2407.jpg;0;1;0;0;0;0;0;1;0
u2408.jpg;0;1;0;0;0;0;0;1;0
u2409.jpg;0;0;1;0;0;0;0;1;0
u2410.jpg;0;1;0;0;0;0;0;1;0
u2411.jpg;0;0;1;0;0;0;1;0;0
u2412.jpg;0;1;0;0;0;1;0;0;0
u2413.jpg;0;1;0;0;0;0;0;0;1
u2414.jpg;0;1;0;0;0;0;0;1;0
u2415.jpg;0;1;0;0;0;1;0;0;0
u2416.jpg;0;1;0;0;0;0;0;0;1
u2417.jpg;0;1;0;0;0;0;0;1;0
u2418.jpg;0;1;0;0;0;0;0;1;0
u2419.jpg;0;0;1;0;0;0;0;1;0
u2420.jpg;0;1;0;0;0;0;0;1;0
u2421.jpg;0;0;1;0;0;0;0;1;0
u2422.jpg;0;1;0;0;0;0;1;0;0
u2423.jpg;0;1;0;0;0;0;1;0;0
u2424.jpg;0;1;0;0;0;0;0;1;0
u2425.jpg;0;1;0;0;0;0;0;0;1
u2426.jpg;0;1;0;0;0;0;0;1;0
u2427.jpg;0;1;0;0;0;0;0;0;1
u2428.jpg;0;1;0;0;0;0;0;1;0
u2429.jpg;0;1;0;0;0;0;0;0;1
u2430.jpg;0;1;0;0;0;0;0;0;1
u2431.jpg;0;1;0;0;0;0;0;0;1
u2432.jpg;0;1;0;0;0;0;0;0;1
u2433.jpg;0;1;0;0;0;0;0;1;0
u2434.jpg;0;1;0;0;0;0;0;1;0
u2435.jpg;0;1;0;0;0;0;0;1;0
u2436.jpg;0;1;0;0;0;0;1;0;0
u2437.jpg;0;1;0;0;0;1;0;0;0
u2438.jpg;0;1;0;0;0;0;1;0;0
u2439.jpg;0;1;0;0;0;0;0;0;1
u2440.jpg;0;1;0;0;0;0;0;1;0
u2441.jpg;0;1;0;0;0;0;0;0;1
u2442.jpg;0;1;0;0;0;0;0;0;1
u2443.jpg;0;1;0;0;0;0;0;1;0
u2444.jpg;0;1;0;0;0;0;0;1;0
u2445.jpg;0;1;0;0;0;0;0;0;1
u2446.jpg;0;1;0;0;0;0;0;1;0
u2447.jpg;0;1;0;0;0;0;0;0;1
u2448.jpg;0;1;0;0;0;0;1;0;0
u2449.jpg;0;1;0;0;0;1;0;0;0
u2450.jpg;0;1;0;0;0;0;0;0;1
u2451.jpg;0;1;0;0;0;0;0;1;0
u2452.jpg;0;1;0;0;0;1;0;0;0
u2453.jpg;0;0;1;0;0;1;0;0;0
u2454.jpg;0;0;1;0;0;1;0;0;0
u2455.jpg;0;0;1;0;0;0;0;1;0
u2456.jpg;0;0;1;0;0;1;0;0;0
u2457.jpg;0;1;0;0;0;0;1;0;0
u2458.jpg;0;0;1;0;0;0;1;0;0
u2459.jpg;0;0;1;0;0;0;0;1;0
u2460.jpg;0;0;1;0;0;0;1;0;0
u2461.jpg;0;1;0;0;0;0;0;0;1
u2462.jpg;0;1;0;0;0;0;0;0;1
u2463.jpg;0;1;0;0;0;0;0;0;1
u2464.jpg;0;1;0;0;0;0;0;1;0
u2465.jpg;0;1;0;0;0;0;0;1;0
u2466.jpg;0;1;0;0;0;0;0;1;0
u2467.jpg;0;1;0;0;0;0;0;1;0
u2468.jpg;0;1;0;0;0;0;0;0;1
u2469.jpg;0;1;0;0;0;0;0;1;0
u2470.jpg;0;1;0;0;0;0;0;0;1
u2471.jpg;0;1;0;0;0;0;0;1;0
u2472.jpg;0;1;0;0;0;0;1;0;0
u2473.jpg;0;1;0;0;0;0;0;1;0
u2474.jpg;0;1;0;0;0;0;0;0;1
u2475.jpg;0;1;0;0;0;0;0;1;0
u2476.jpg;0;1;0;0;0;0;0;1;0
u2477.jpg;0;1;0;0;0;0;0;1;0
u2478.jpg;0;1;0;0;0;0;1;0;0
u2479.jpg;0;1;0;0;0;0;1;0;0
u2480.jpg;0;1;0;0;0;0;1;0;0
u2481.jpg;0;1;0;0;0;0;1;0;0
u2482.jpg;0;1;0;0;0;0;1;0;0
u2483.jpg;0;1;0;0;0;0;1;0;0
u2484.jpg;0;1;0;0;0;0;1;0;0
u2485.jpg;0;1;0;0;0;0;1;0;0
u2486.jpg;0;0;1;0;0;0;0;1;0
u2487.jpg;0;1;0;0;0;0;0;1;0
u2488.jpg;0;0;1;0;0;0;0;1;0
u2489.jpg;0;0;1;0;0;0;1;0;0
u2490.jpg;0;0;1;0;0;0;1;0;0
u2491.jpg;0;0;1;0;0;0;1;0;0
u2492.jpg;0;1;0;0;0;0;0;0;1
u2493.jpg;0;1;0;0;0;0;0;1;0
u2494.jpg;0;1;0;0;0;0;0;1;0
u2495.jpg;0;1;0;0;0;0;0;1;0
u2496.jpg;0;1;0;0;0;0;0;1;0
u2497.jpg;0;1;0;0;0;0;0;1;0
u2498.jpg;0;0;1;0;0;0;0;1;0
u2499.jpg;0;0;1;0;0;0;0;1;0
u2500.jpg;0;1;0;0;0;0;0;1;0
u2501.jpg;0;1;0;0;0;0;0;1;0
u2502.jpg;0;1;0;0;0;0;0;0;1
u2503.jpg;0;1;0;0;0;0;1;0;0
u2504.jpg;0;1;0;0;0;0;1;0;0
u2505.jpg;0;0;1;0;0;0;0;1;0
u2506.jpg;0;0;1;0;0;1;0;0;0
u2507.jpg;0;1;0;0;0;0;1;0;0
u2508.jpg;0;0;1;0;0;0;0;0;1
u2509.jpg;0;1;0;0;0;0;0;0;1
u2510.jpg;0;1;0;0;0;0;0;1;0
u2511.jpg;0;1;0;0;0;0;0;1;0
u2512.jpg;0;1;0;0;0;0;0;0;1
u2513.jpg;0;1;0;0;0;0;1;0;0
u2514.jpg;0;1;0;0;0;0;1;0;0
u2515.jpg;0;1;0;0;0;0;0;0;1
u2516.jpg;0;1;0;0;0;0;0;0;1
u2517.jpg;0;1;0;0;0;0;0;0;1
u2518.jpg;0;1;0;0;0;0;0;1;0
u2519.jpg;0;1;0;0;0;0;0;1;0
u2520.jpg;0;1;0;0;0;0;0;1;0
u2521.jpg;0;1;0;0;0;0;1;0;0
u2522.jpg;0;1;0;0;0;0;0;1;0
u2523.jpg;0;1;0;0;0;0;0;1;0
u2524.jpg;0;1;0;0;0;0;0;0;1
u2525.jpg;0;1;0;0;0;0;0;0;1
u2526.jpg;0;1;0;0;0;0;0;1;0
u2527.jpg;0;1;0;0;0;0;0;1;0
u2528.jpg;0;1;0;0;0;0;0;1;0
u2529.jpg;0;1;0;0;0;0;0;1;0
u2530.jpg;0;1;0;0;0;0;1;0;0
u2531.jpg;0;1;0;0;0;0;0;1;0
u2532.jpg;0;1;0;0;0;0;1;0;0
u2533.jpg;0;1;0;0;0;0;1;0;0
u2534.jpg;0;0;1;0;0;0;1;0;0
u2535.jpg;0;0;1;0;0;0;0;1;0
u2536.jpg;0;1;0;0;0;0;0;1;0
u2537.jpg;0;1;0;0;0;0;0;1;0
u2538.jpg;0;1;0;0;0;0;0;0;1
u2539.jpg;0;1;0;0;0;0;0;0;1
u2540.jpg;0;1;0;0;0;0;1;0;0
u2541.jpg;0;1;0;0;0;0;1;0;0
u2542.jpg;0;1;0;0;0;0;1;0;0
u2543.jpg;0;1;0;0;0;0;0;1;0
u2544.jpg;0;1;0;0;0;0;0;1;0
u2545.jpg;0;1;0;0;0;0;0;0;1
u2546.jpg;0;1;0;0;0;0;0;1;0
u2547.jpg;0;1;0;0;0;0;1;0;0
u2551.jpg;0;1;0;0;0;1;0;0;0
u2552.jpg;0;1;0;0;0;0;0;1;0
u2553.jpg;0;1;0;0;0;0;0;0;1
u2554.jpg;0;1;0;0;0;1;0;0;0
u2555.jpg;0;1;0;0;0;0;0;1;0
u2556.jpg;0;1;0;0;0;0;0;1;0
u2557.jpg;0;1;0;0;0;0;0;1;0
u2558.jpg;0;0;1;0;0;0;1;0;0
u2559.jpg;0;1;0;0;0;0;1;0;0
u2560.jpg;0;1;0;0;0;1;0;0;0
u2561.jpg;0;1;0;0;0;1;0;0;0
u2562.jpg;0;1;0;0;0;0;0;0;1
u2563.jpg;0;1;0;0;0;1;0;0;0
u2564.jpg;0;1;0;0;0;0;1;0;0
u2565.jpg;0;1;0;0;0;0;0;1;0
u2566.jpg;0;1;0;0;0;0;0;1;0
u2567.jpg;0;1;0;0;0;0;0;0;1
u2568.jpg;0;1;0;0;0;0;0;1;0
u2569.jpg;0;1;0;0;0;0;0;1;0
u2570.jpg;0;1;0;0;0;0;0;1;0
u2571.jpg;0;1;0;0;0;0;0;1;0
u2572.jpg;0;1;0;0;0;0;0;1;0
u2573.jpg;0;0;1;0;0;1;0;0;0
u2574.jpg;0;0;1;0;0;1;0;0;0
u2575.jpg;0;0;1;0;0;1;0;0;0
u2576.jpg;0;0;1;0;0;0;1;0;0
u2577.jpg;0;0;1;0;0;0;1;0;0
u2578.jpg;0;1;0;0;0;1;0;0;0
u2579.jpg;0;0;1;0;0;1;0;0;0
u2580.jpg;0;0;1;0;0;0;0;1;0
u2581.jpg;0;0;1;0;0;0;0;1;0
u2582.jpg;0;0;1;0;0;0;0;1;0
u2583.jpg;0;1;0;0;0;0;0;1;0
u2584.jpg;0;1;0;0;0;0;0;1;0
u2585.jpg;0;0;1;0;0;1;0;0;0
u2586.jpg;0;0;1;0;0;1;0;0;0
u2587.jpg;0;0;1;0;0;1;0;0;0
u2588.jpg;0;0;1;0;0;1;0;0;0
u2589.jpg;0;0;1;0;0;1;0;0;0
u2590.jpg;0;1;0;0;0;0;0;0;1
u2591.jpg;0;1;0;0;0;0;0;1;0
u2592.jpg;0;0;1;0;0;1;0;0;0
u2593.jpg;0;0;1;0;0;1;0;0;0
u2594.jpg;0;0;1;0;0;1;0;0;0
u2595.jpg;0;0;1;0;0;0;1;0;0
u2596.jpg;0;1;0;0;0;0;1;0;0
u2597.jpg;0;1;0;0;0;1;0;0;0
u2598.jpg;0;1;0;0;0;1;0;0;0
u2599.jpg;0;1;0;0;0;1;0;0;0
u2600.jpg;0;0;1;0;0;1;0;0;0
u2601.jpg;0;0;1;0;0;1;0;0;0
u2602.jpg;0;0;1;0;0;1;0;0;0
u2603.jpg;0;0;1;0;0;1;0;0;0
u2604.jpg;0;0;1;0;0;1;0;0;0
u2605.jpg;0;0;1;0;0;0;1;0;0
u2606.jpg;0;0;1;0;0;0;1;0;0
u2607.jpg;0;1;0;0;0;0;0;0;1
u2608.jpg;0;1;0;0;0;0;0;1;0
u2609.jpg;0;0;1;0;0;0;0;0;1
u2610.jpg;0;0;1;0;0;0;0;1;0
u2611.jpg;0;0;1;0;0;0;1;0;0
u2612.jpg;0;1;0;0;0;0;1;0;0
u2613.jpg;0;1;0;0;0;0;0;0;1
u2614.jpg;0;1;0;0;0;0;0;0;1
u2615.jpg;0;1;0;0;0;0;0;0;1
u2616.jpg;0;1;0;0;0;0;0;1;0
u2617.jpg;0;1;0;0;0;0;0;1;0
u2618.jpg;0;1;0;0;0;0;0;1;0
u2619.jpg;0;1;0;0;0;0;1;0;0
u2620.jpg;0;1;0;0;0;0;1;0;0
u2621.jpg;0;1;0;0;0;0;0;1;0
u2622.jpg;0;1;0;0;0;0;0;0;1
u2623.jpg;0;1;0;0;0;0;0;1;0
u2624.jpg;0;1;0;0;0;0;0;0;1
u2625.jpg;0;1;0;0;0;0;0;0;1
u2626.jpg;0;1;0;0;0;0;0;1;0
u2627.jpg;0;1;0;0;0;1;0;0;0
u2628.jpg;0;0;1;0;0;0;0;0;1
u2629.jpg;0;0;1;0;0;0;1;0;0
u2630.jpg;0;0;1;0;0;0;0;1;0
u2631.jpg;0;0;1;0;0;0;1;0;0
u2632.jpg;0;0;1;0;0;0;1;0;0
u2633.jpg;0;1;0;0;0;0;0;1;0
u2634.jpg;0;0;1;0;0;1;0;0;0
u2635.jpg;0;0;1;0;0;0;1;0;0
u2636.jpg;0;1;0;0;0;0;0;1;0
u2637.jpg;0;1;0;0;0;0;1;0;0
u2638.jpg;0;0;1;0;0;1;0;0;0
u2639.jpg;0;1;0;0;0;0;0;1;0
u2640.jpg;0;1;0;0;0;0;0;0;1
u2641.jpg;0;1;0;0;0;0;0;0;1
u2642.jpg;0;1;0;0;0;0;0;1;0
u2643.jpg;0;1;0;0;0;0;0;1;0
u2644.jpg;0;1;0;0;0;0;0;0;1
u2645.jpg;0;1;0;0;0;0;0;0;1
u2646.jpg;0;1;0;0;0;0;0;1;0
u2647.jpg;0;0;1;0;0;1;0;0;0
u2649.jpg;0;1;0;0;0;0;1;0;0
u2650.jpg;0;0;1;0;0;0;0;1;0
u2651.jpg;0;0;1;0;0;1;0;0;0
u2652.jpg;0;1;0;0;0;0;0;1;0
u2653.jpg;0;0;1;0;0;0;1;0;0
u2654.jpg;0;0;1;0;0;0;1;0;0
u2655.jpg;0;0;1;0;0;1;0;0;0
u2656.jpg;0;0;1;0;0;0;1;0;0
u2657.jpg;0;0;1;0;0;1;0;0;0
u2658.jpg;0;0;1;0;0;1;0;0;0
u2659.jpg;0;0;1;0;0;1;0;0;0
u2660.jpg;0;1;0;0;0;0;0;1;0
u2661.jpg;0;1;0;0;0;0;1;0;0
u2662.jpg;0;0;1;0;0;1;0;0;0
u2663.jpg;0;0;1;0;0;0;1;0;0
u2664.jpg;0;0;1;0;0;0;0;1;0
u2665.jpg;0;1;0;0;0;0;0;1;0
u2666.jpg;0;1;0;0;0;0;0;1;0
u2667.jpg;0;1;0;0;0;0;0;1;0
u2668.jpg;0;1;0;0;0;0;0;0;1
u2669.jpg;0;1;0;0;0;0;0;0;1
u2670.jpg;0;1;0;0;0;0;1;0;0
u2671.jpg;0;1;0;0;0;0;0;1;0
u2672.jpg;0;1;0;0;0;0;0;1;0
u2673.jpg;0;1;0;0;0;0;1;0;0
u2674.jpg;0;1;0;0;0;0;0;1;0
u2675.jpg;0;0;1;0;0;0;1;0;0
u2676.jpg;0;0;1;0;0;1;0;0;0
u2677.jpg;0;0;1;0;0;1;0;0;0
u2678.jpg;0;0;1;0;0;0;1;0;0
u2679.jpg;0;0;1;0;0;1;0;0;0
u2680.jpg;0;0;1;0;0;1;0;0;0
u2681.jpg;0;0;1;0;0;1;0;0;0
u2682.jpg;0;1;0;0;0;0;1;0;0
u2683.jpg;0;0;1;0;0;1;0;0;0
u2684.jpg;0;1;0;0;0;0;0;1;0
u2685.jpg;0;0;1;0;0;1;0;0;0
u2686.jpg;0;1;0;0;0;0;0;1;0
u2687.jpg;0;0;1;0;0;0;0;0;1
u2688.jpg;0;0;1;0;0;0;1;0;0
u2689.jpg;0;0;1;0;0;1;0;0;0
u2690.jpg;0;0;1;0;0;0;0;1;0
u2691.jpg;0;0;1;0;0;0;1;0;0
u2692.jpg;0;1;0;0;0;0;0;0;1
u2693.jpg;0;1;0;0;0;0;0;0;1
u2694.jpg;0;1;0;0;0;0;0;1;0
u2695.jpg;0;1;0;0;0;1;0;0;0
u2696.jpg;0;1;0;0;0;1;0;0;0
u2697.jpg;0;1;0;0;0;0;1;0;0
u2698.jpg;0;1;0;0;0;0;1;0;0
u2699.jpg;0;1;0;0;0;0;1;0;0
u2700.jpg;0;1;0;0;0;0;1;0;0
u2701.jpg;0;1;0;0;0;0;0;1;0
u2702.jpg;0;1;0;0;0;0;0;1;0
u2703.jpg;0;1;0;0;0;0;0;1;0
u2704.jpg;0;1;0;0;0;0;1;0;0
u2705.jpg;0;1;0;0;0;0;1;0;0
u2706.jpg;0;1;0;0;0;1;0;0;0
u2707.jpg;0;1;0;0;0;0;1;0;0
u2708.jpg;0;1;0;0;0;0;0;1;0
u2709.jpg;0;1;0;0;0;0;0;1;0
u2710.jpg;0;1;0;0;0;0;1;0;0
u2711.jpg;0;1;0;0;0;1;0;0;0
u2712.jpg;0;1;0;0;0;1;0;0;0
u2713.jpg;0;1;0;0;0;0;1;0;0
u2714.jpg;0;1;0;0;0;1;0;0;0
u2715.jpg;0;1;0;0;0;1;0;0;0
u2716.jpg;0;0;1;0;0;1;0;0;0
u2717.jpg;0;1;0;0;0;1;0;0;0
u2718.jpg;0;0;1;0;0;1;0;0;0
u2719.jpg;0;1;0;0;0;1;0;0;0
u2720.jpg;0;1;0;0;0;1;0;0;0
u2721.jpg;0;1;0;0;0;1;0;0;0
u2722.jpg;0;1;0;0;0;1;0;0;0
u2723.jpg;0;0;1;0;0;0;1;0;0
u2724.jpg;0;1;0;0;0;0;1;0;0
u2725.jpg;0;1;0;0;0;0;1;0;0
u2726.jpg;0;0;1;0;0;1;0;0;0
u2727.jpg;0;0;1;0;0;0;1;0;0
u2728.jpg;0;1;0;0;0;1;0;0;0
u2729.jpg;0;0;1;0;0;1;0;0;0
u2730.jpg;0;0;1;0;0;1;0;0;0
u2731.jpg;0;0;1;0;0;1;0;0;0
u2732.jpg;0;1;0;0;0;1;0;0;0
u2733.jpg;0;0;1;0;0;0;1;0;0
u2734.jpg;0;0;1;0;0;1;0;0;0
u2735.jpg;0;0;1;0;0;1;0;0;0
u2736.jpg;0;1;0;0;0;1;0;0;0
u2737.jpg;0;0;1;0;0;1;0;0;0
u2738.jpg;0;0;1;0;0;1;0;0;0
u2739.jpg;0;1;0;0;0;0;1;0;0
u2740.jpg;0;1;0;0;0;0;1;0;0
u2741.jpg;0;1;0;0;0;0;0;0;1
u2742.jpg;0;1;0;0;0;0;0;1;0
u2743.jpg;0;1;0;0;0;0;0;0;1
u2744.jpg;0;1;0;0;0;0;0;0;1
u2745.jpg;0;0;1;0;0;0;0;0;1
u2746.jpg;0;0;1;0;0;0;0;1;0
u2747.jpg;0;1;0;0;0;0;0;1;0
u2748.jpg;0;1;0;0;0;0;0;0;1
u2749.jpg;0;1;0;0;0;0;0;0;1
u2750.jpg;0;1;0;0;0;0;0;0;1
u2751.jpg;0;0;1;0;0;0;0;1;0
u2752.jpg;0;1;0;0;0;0;1;0;0
u2753.jpg;0;1;0;0;0;0;0;1;0
u2754.jpg;0;1;0;0;0;0;0;1;0
u2755.jpg;0;1;0;0;0;0;0;0;1
u2756.jpg;0;1;0;0;0;0;0;1;0
u2757.jpg;0;1;0;0;0;0;0;1;0
u2758.jpg;0;1;0;0;0;0;0;0;1
u2759.jpg;0;1;0;0;0;0;0;1;0
u2760.jpg;0;1;0;0;0;0;1;0;0
u2761.jpg;0;1;0;0;0;0;0;0;1
u2762.jpg;0;1;0;0;0;0;0;1;0
u2763.jpg;0;1;0;0;0;1;0;0;0
u2764.jpg;0;1;0;0;0;1;0;0;0
u2765.jpg;0;1;0;0;0;1;0;0;0
u2766.jpg;0;1;0;0;0;0;1;0;0
u2767.jpg;0;1;0;0;0;0;0;0;1
u2768.jpg;0;1;0;0;0;0;0;0;1
u2769.jpg;0;1;0;0;0;0;0;1;0
u2770.jpg;0;1;0;0;0;0;0;1;0
u2771.jpg;0;1;0;0;0;0;0;1;0
u2772.jpg;0;0;1;0;0;0;0;1;0
u2773.jpg;0;1;0;0;0;1;0;0;0
u2774.jpg;0;1;0;0;0;1;0;0;0
u2775.jpg;0;1;0;0;0;1;0;0;0
u2776.jpg;0;1;0;0;0;1;0;0;0
u2777.jpg;0;1;0;0;0;0;0;0;1
u2778.jpg;0;1;0;0;0;0;0;0;1
u2779.jpg;0;1;0;0;0;0;0;0;1
u2780.jpg;0;1;0;0;0;0;0;0;1
u2781.jpg;0;1;0;0;0;0;1;0;0
u2782.jpg;0;1;0;0;0;0;0;0;1
u2783.jpg;0;1;0;0;0;0;1;0;0
u2784.jpg;0;1;0;0;0;0;0;1;0
u2785.jpg;0;1;0;0;0;0;0;0;1
u2786.jpg;0;1;0;0;0;1;0;0;0
u2787.jpg;0;1;0;0;0;1;0;0;0
u2788.jpg;0;1;0;0;0;1;0;0;0
u2789.jpg;0;1;0;0;0;0;1;0;0
u2790.jpg;0;1;0;0;0;0;0;0;1
u2791.jpg;0;1;0;0;0;1;0;0;0
u2792.jpg;0;0;1;0;0;1;0;0;0
u2793.jpg;0;1;0;0;0;1;0;0;0
u2794.jpg;0;1;0;0;0;1;0;0;0
u2795.jpg;0;1;0;0;0;0;1;0;0
u2796.jpg;0;1;0;0;0;0;1;0;0
u2797.jpg;0;1;0;0;0;0;0;1;0
u2798.jpg;0;1;0;0;0;1;0;0;0
u2799.jpg;0;1;0;0;0;1;0;0;0
u2800.jpg;0;1;0;0;0;0;1;0;0
u2801.jpg;0;1;0;0;0;0;1;0;0
u2802.jpg;0;1;0;0;0;0;1;0;0
u2803.jpg;0;1;0;0;0;1;0;0;0
u2804.jpg;0;1;0;0;0;1;0;0;0
u2805.jpg;0;1;0;0;0;1;0;0;0
u2806.jpg;0;1;0;0;0;1;0;0;0
u2807.jpg;0;1;0;0;0;1;0;0;0
u2808.jpg;0;1;0;0;0;0;1;0;0
u2809.jpg;0;1;0;0;0;0;0;1;0
u2810.jpg;0;1;0;0;0;1;0;0;0
u2811.jpg;0;1;0;0;0;0;0;1;0
u2812.jpg;0;1;0;0;0;0;0;1;0
u2813.jpg;0;1;0;0;0;1;0;0;0
u2814.jpg;0;1;0;0;0;0;1;0;0
u2815.jpg;0;1;0;0;0;0;0;0;1
u2816.jpg;0;1;0;0;0;0;1;0;0
u2817.jpg;0;1;0;0;0;1;0;0;0
u2818.jpg;0;1;0;0;0;0;0;1;0
u2819.jpg;0;1;0;0;0;1;0;0;0
u2820.jpg;0;1;0;0;0;0;1;0;0
u2821.jpg;0;1;0;0;0;0;1;0;0
u2822.jpg;0;1;0;0;0;0;0;0;1
u2824.jpg;0;1;0;0;0;1;0;0;0
u2825.jpg;0;1;0;0;0;0;1;0;0
u2826.jpg;0;1;0;0;0;0;1;0;0
u2827.jpg;0;1;0;0;0;0;1;0;0
u2828.jpg;0;1;0;0;0;0;1;0;0
u2830.jpg;0;1;0;0;0;0;1;0;0
u2831.jpg;0;1;0;0;0;0;1;0;0
u2833.jpg;0;1;0;0;0;0;0;1;0
u2834.jpg;0;1;0;0;0;0;0;1;0
u2835.jpg;0;1;0;0;0;0;0;1;0
u2836.jpg;0;1;0;0;0;0;0;1;0
u2837.jpg;0;1;0;0;0;0;1;0;0
u2838.jpg;0;1;0;0;0;0;1;0;0
u2839.jpg;0;1;0;0;0;0;0;1;0
u2841.jpg;0;1;0;0;0;0;0;1;0
u2842.jpg;0;1;0;0;0;0;0;1;0
u2847.jpg;0;1;0;0;0;1;0;0;0
u2848.jpg;0;1;0;0;0;1;0;0;0
u2849.jpg;0;1;0;0;0;0;1;0;0
u2850.jpg;0;1;0;0;0;0;1;0;0
u2851.jpg;0;1;0;0;0;1;0;0;0
u2855.jpg;0;0;1;0;0;1;0;0;0
u2856.jpg;0;1;0;0;0;0;1;0;0
u2857.jpg;0;0;1;0;0;1;0;0;0
u2858.jpg;0;1;0;0;0;0;0;1;0
u2859.jpg;0;1;0;0;0;0;0;1;0
u2860.jpg;0;0;1;0;0;0;1;0;0
u2861.jpg;0;1;0;0;0;0;0;1;0
u2862.jpg;0;1;0;0;0;0;0;1;0
u2863.jpg;0;1;0;0;0;0;1;0;0
u2864.jpg;0;0;1;0;0;1;0;0;0
u2865.jpg;0;1;0;0;0;0;1;0;0
u2866.jpg;0;1;0;0;0;0;0;1;0
u2867.jpg;0;1;0;0;0;0;0;1;0
u2868.jpg;0;1;0;0;0;1;0;0;0
u2869.jpg;0;1;0;0;0;0;0;0;1
u2870.jpg;0;1;0;0;0;0;0;0;1
u2871.jpg;0;1;0;0;0;0;0;1;0
u2872.jpg;0;0;1;0;0;1;0;0;0
u2873.jpg;0;1;0;0;0;0;0;1;0
u2874.jpg;0;1;0;0;0;0;1;0;0
u2875.jpg;0;0;1;0;0;0;0;1;0
u2876.jpg;0;0;1;0;0;0;1;0;0
u2877.jpg;0;1;0;0;0;0;0;1;0
u2878.jpg;0;1;0;0;0;1;0;0;0
u2879.jpg;0;1;0;0;0;1;0;0;0
u2880.jpg;0;1;0;0;0;1;0;0;0
u2881.jpg;0;1;0;0;0;0;0;1;0
u2882.jpg;0;1;0;0;0;0;0;0;1
u2883.jpg;0;1;0;0;0;0;0;1;0
u2884.jpg;0;1;0;0;0;1;0;0;0
u2885.jpg;0;1;0;0;0;1;0;0;0
u2886.jpg;0;1;0;0;0;1;0;0;0
u2887.jpg;0;1;0;0;0;0;1;0;0
u2888.jpg;0;1;0;0;0;1;0;0;0
u2889.jpg;0;1;0;0;0;1;0;0;0
u2890.jpg;0;1;0;0;0;1;0;0;0
u2891.jpg;0;1;0;0;0;1;0;0;0
u2892.jpg;0;1;0;0;0;0;1;0;0
u2893.jpg;0;1;0;0;0;1;0;0;0
u2894.jpg;0;1;0;0;0;1;0;0;0
u2895.jpg;0;1;0;0;0;1;0;0;0
u2896.jpg;0;1;0;0;0;0;1;0;0
u2897.jpg;0;1;0;0;0;0;1;0;0
u2898.jpg;0;1;0;0;0;0;1;0;0
u2899.jpg;0;1;0;0;0;1;0;0;0
u2900.jpg;0;1;0;0;0;0;0;1;0
u2901.jpg;0;1;0;0;0;0;0;1;0
u2902.jpg;0;1;0;0;0;0;0;1;0
u2903.jpg;0;1;0;0;0;0;1;0;0
u2904.jpg;0;1;0;0;0;0;1;0;0
u2905.jpg;0;1;0;0;0;0;1;0;0
u2906.jpg;0;1;0;0;0;1;0;0;0
u2907.jpg;0;1;0;0;0;1;0;0;0
u2908.jpg;0;1;0;0;0;0;1;0;0
u2909.jpg;0;1;0;0;0;1;0;0;0
u2910.jpg;0;1;0;0;0;0;1;0;0
u2911.jpg;0;1;0;0;0;0;0;1;0
u2912.jpg;0;1;0;0;0;0;0;1;0
u2913.jpg;0;1;0;0;0;0;1;0;0
u2914.jpg;0;1;0;0;0;0;1;0;0
u2915.jpg;0;1;0;0;0;1;0;0;0
u2916.jpg;0;0;1;0;0;1;0;0;0
u2917.jpg;0;1;0;0;0;0;1;0;0
u2918.jpg;0;1;0;0;0;0;1;0;0
u2919.jpg;0;1;0;0;0;1;0;0;0
u2920.jpg;0;1;0;0;0;1;0;0;0
u2921.jpg;0;1;0;0;0;1;0;0;0
u2922.jpg;0;1;0;0;0;1;0;0;0
u2923.jpg;0;1;0;0;0;0;0;1;0
u2924.jpg;0;1;0;0;0;0;1;0;0
u2925.jpg;0;1;0;0;0;1;0;0;0
u2926.jpg;0;1;0;0;0;0;0;0;1
u2927.jpg;0;1;0;0;0;0;0;1;0
u2928.jpg;0;1;0;0;0;0;1;0;0
u2929.jpg;0;1;0;0;0;1;0;0;0
u2930.jpg;0;1;0;0;0;0;0;1;0
u2931.jpg;0;1;0;0;0;0;0;1;0
u2932.jpg;0;1;0;0;0;0;0;0;1
u2933.jpg;0;1;0;0;0;1;0;0;0
u2934.jpg;0;1;0;0;0;0;1;0;0
u2935.jpg;0;1;0;0;0;0;0;1;0
u2936.jpg;0;1;0;0;0;0;0;1;0
u2937.jpg;0;1;0;0;0;0;0;0;1
u2938.jpg;0;1;0;0;0;0;0;1;0
u2939.jpg;0;1;0;0;0;0;1;0;0
u2940.jpg;0;1;0;0;0;1;0;0;0
u2941.jpg;0;1;0;0;0;1;0;0;0
u2942.jpg;0;1;0;0;0;1;0;0;0
u2943.jpg;0;1;0;0;0;0;1;0;0
u2944.jpg;0;1;0;0;0;1;0;0;0
u2945.jpg;0;1;0;0;0;0;1;0;0
u2946.jpg;0;1;0;0;0;0;0;1;0
u2947.jpg;0;1;0;0;0;0;1;0;0
u2948.jpg;0;1;0;0;0;0;0;1;0
u2949.jpg;0;1;0;0;0;0;1;0;0
u2950.jpg;0;1;0;0;0;1;0;0;0
u2951.jpg;0;1;0;0;0;1;0;0;0
u2952.jpg;0;1;0;0;0;0;1;0;0
u2953.jpg;0;1;0;0;0;0;1;0;0
u2954.jpg;0;1;0;0;0;0;0;0;1
u2955.jpg;0;1;0;0;0;0;1;0;0
u2956.jpg;0;1;0;0;0;0;0;1;0
u2957.jpg;0;1;0;0;0;0;0;1;0
u2958.jpg;0;1;0;0;0;0;0;1;0
u2959.jpg;0;1;0;0;0;0;0;1;0
u2960.jpg;0;1;0;0;0;0;0;1;0
u2961.jpg;0;1;0;0;0;0;0;1;0
u2962.jpg;0;1;0;0;0;0;1;0;0
u2963.jpg;0;1;0;0;0;0;0;0;1
u2964.jpg;0;1;0;0;0;0;0;0;1
u2965.jpg;0;1;0;0;0;0;0;1;0
u2966.jpg;0;1;0;0;0;0;0;1;0
u2967.jpg;0;1;0;0;0;0;1;0;0
u2968.jpg;0;1;0;0;0;0;1;0;0
u2969.jpg;0;1;0;0;0;0;1;0;0
u2970.jpg;0;1;0;0;0;0;0;1;0
u2971.jpg;0;1;0;0;0;0;0;1;0
u2972.jpg;0;1;0;0;0;0;0;0;1
u2973.jpg;0;1;0;0;0;0;0;0;1
u2974.jpg;0;1;0;0;0;0;0;1;0
u2975.jpg;0;0;1;0;0;1;0;0;0
u2976.jpg;0;1;0;0;0;0;0;1;0
u2977.jpg;0;1;0;0;0;0;0;1;0
u2978.jpg;0;1;0;0;0;1;0;0;0
u2979.jpg;0;1;0;0;0;1;0;0;0
u2980.jpg;0;1;0;0;0;0;0;1;0
u2981.jpg;0;1;0;0;0;1;0;0;0
u2982.jpg;0;1;0;0;0;0;1;0;0
u2983.jpg;0;1;0;0;0;1;0;0;0
u2984.jpg;0;1;0;0;0;1;0;0;0
u2985.jpg;0;1;0;0;0;1;0;0;0
u2986.jpg;0;0;1;0;0;0;1;0;0
u2987.jpg;0;1;0;0;0;1;0;0;0
u2988.jpg;0;1;0;0;0;1;0;0;0
u2989.jpg;0;1;0;0;0;0;0;1;0
u2990.jpg;0;1;0;0;0;1;0;0;0
u2991.jpg;0;1;0;0;0;1;0;0;0
u2992.jpg;0;1;0;0;0;1;0;0;0
u2993.jpg;0;1;0;0;0;1;0;0;0
u2994.jpg;0;1;0;0;0;1;0;0;0
u2995.jpg;0;1;0;0;0;1;0;0;0
u2996.jpg;0;1;0;0;0;1;0;0;0
u2997.jpg;0;1;0;0;0;1;0;0;0
u2998.jpg;0;1;0;0;0;1;0;0;0
u2999.jpg;0;1;0;0;0;0;1;0;0
u3000.jpg;0;1;0;0;0;0;1;0;0
u3001.jpg;0;1;0;0;0;1;0;0;0
u3002.jpg;0;1;0;0;0;1;0;0;0
u3003.jpg;0;1;0;0;0;1;0;0;0
u3004.jpg;0;1;0;0;0;1;0;0;0
u3005.jpg;0;1;0;0;0;1;0;0;0
u3006.jpg;0;1;0;0;0;0;1;0;0
u3007.jpg;0;1;0;0;0;0;1;0;0
u3008.jpg;0;1;0;0;0;0;0;1;0
u3009.jpg;0;1;0;0;0;0;1;0;0
u3010.jpg;0;1;0;0;0;0;0;1;0
u3011.jpg;0;1;0;0;0;0;0;1;0
u3012.jpg;0;1;0;0;0;1;0;0;0
u3013.jpg;0;1;0;0;0;1;0;0;0
u3014.jpg;0;1;0;0;0;0;0;1;0
u3015.jpg;0;1;0;0;0;0;0;1;0
u3016.jpg;0;1;0;0;0;0;0;1;0
u3017.jpg;0;1;0;0;0;0;1;0;0
h1.jpg;1;0;0;0;1;0;0;0;0
h2.jpg;1;0;0;0;1;0;0;0;0
h3.jpg;1;0;0;0;1;0;0;0;0
h4.jpg;1;0;0;0;1;0;0;0;0
h5.jpg;1;0;0;0;1;0;0;0;0
h6.jpg;1;0;0;0;1;0;0;0;0
h7.jpg;1;0;0;0;1;0;0;0;0
h8.jpg;1;0;0;0;1;0;0;0;0
h9.jpg;1;0;0;0;1;0;0;0;0
h10.jpg;1;0;0;0;1;0;0;0;0
h11.jpg;1;0;0;0;1;0;0;0;0
h12.jpg;1;0;0;0;1;0;0;0;0
h13.jpg;1;0;0;0;1;0;0;0;0
h14.jpg;1;0;0;0;1;0;0;0;0
h15.jpg;1;0;0;0;1;0;0;0;0
h16.jpg;1;0;0;0;1;0;0;0;0
h17.jpg;1;0;0;0;1;0;0;0;0
h18.jpg;1;0;0;0;1;0;0;0;0
h19.jpg;1;0;0;0;1;0;0;0;0
h20.jpg;1;0;0;0;1;0;0;0;0
h21.jpg;1;0;0;0;1;0;0;0;0
h22.jpg;1;0;0;0;1;0;0;0;0
h23.jpg;1;0;0;0;1;0;0;0;0
h24.jpg;1;0;0;0;1;0;0;0;0
h25.jpg;1;0;0;0;1;0;0;0;0
h26.jpg;1;0;0;0;1;0;0;0;0
h27.jpg;1;0;0;0;1;0;0;0;0
h28.jpg;1;0;0;0;1;0;0;0;0
h29.jpg;1;0;0;0;1;0;0;0;0
h30.jpg;1;0;0;0;1;0;0;0;0
h31.jpg;1;0;0;0;1;0;0;0;0
h32.jpg;1;0;0;0;1;0;0;0;0
h33.jpg;1;0;0;0;1;0;0;0;0
h34.jpg;1;0;0;0;1;0;0;0;0
h35.jpg;1;0;0;0;1;0;0;0;0
h36.jpg;1;0;0;0;1;0;0;0;0
h37.jpg;1;0;0;0;1;0;0;0;0
h38.jpg;1;0;0;0;1;0;0;0;0
h39.jpg;1;0;0;0;1;0;0;0;0
h40.jpg;1;0;0;0;1;0;0;0;0
h41.jpg;1;0;0;0;1;0;0;0;0
h42.jpg;1;0;0;0;1;0;0;0;0
h43.jpg;1;0;0;0;1;0;0;0;0
u2349.jpg;0;0;1;0;0;0;1;0;0
u1324.jpg;0;0;1;0;0;1;0;0;0
u1732.jpg;0;0;1;0;0;0;1;0;0
u1346.jpg;0;0;1;0;0;1;0;0;0
u1354.jpg;0;0;1;0;0;1;0;0;0
u25.jpg;0;0;0;1;not estimable;not estimable;not estimable;not estimable;not estimable
u1646.jpg;0;0;0;1;not estimable;not estimable;not estimable;not estimable;not estimable
u1690.jpg;0;0;0;1;not estimable;not estimable;not estimable;not estimable;not estimable
u3019.jpg;0;0;0;1;not estimable;not estimable;not estimable;not estimable;not estimable
u3021.jpg;0;0;0;1;not estimable;not estimable;not estimable;not estimable;not estimable
u3023.jpg;0;0;0;1;not estimable;not estimable;not estimable;not estimable;not estimable
u3025.jpg;0;0;0;1;not estimable;not estimable;not estimable;not estimable;not estimable
u3027.jpg;0;0;0;1;not estimable;not estimable;not estimable;not estimable;not estimable
u3029.jpg;0;0;0;1;not estimable;not estimable;not estimable;not estimable;not estimable
u3031.jpg;0;0;0;1;not estimable;not estimable;not estimable;not estimable;not estimable
u3033.jpg;0;0;0;1;not estimable;not estimable;not estimable;not estimable;not estimable
u3035.jpg;0;0;0;1;not estimable;not estimable;not estimable;not estimable;not estimable
u3037.jpg;0;0;0;1;not estimable;not estimable;not estimable;not estimable;not estimable
u3039.jpg;0;0;0;1;not estimable;not estimable;not estimable;not estimable;not estimable
u3041.jpg;0;0;0;1;not estimable;not estimable;not estimable;not estimable;not estimable
u3043.jpg;0;0;0;1;not estimable;not estimable;not estimable;not estimable;not estimable
u3045.jpg;0;0;0;1;not estimable;not estimable;not estimable;not estimable;not estimable
u3047.jpg;0;0;0;1;not estimable;not estimable;not estimable;not estimable;not estimable
u3049.jpg;0;0;0;1;not estimable;not estimable;not estimable;not estimable;not estimable
u3051.jpg;0;0;0;1;not estimable;not estimable;not estimable;not estimable;not estimable
u3053.jpg;0;0;0;1;not estimable;not estimable;not estimable;not estimable;not estimable
u3055.jpg;0;0;0;1;not estimable;not estimable;not estimable;not estimable;not estimable
u3057.jpg;0;0;0;1;not estimable;not estimable;not estimable;not estimable;not estimable
u3059.jpg;0;0;0;1;not estimable;not estimable;not estimable;not estimable;not estimable
u3061.jpg;0;0;0;1;not estimable;not estimable;not estimable;not estimable;not estimable
u3063.jpg;0;0;0;1;not estimable;not estimable;not estimable;not estimable;not estimable
u3065.jpg;0;0;0;1;not estimable;not estimable;not estimable;not estimable;not estimable
u3067.jpg;0;0;0;1;not estimable;not estimable;not estimable;not estimable;not estimable
u3069.jpg;0;0;0;1;not estimable;not estimable;not estimable;not estimable;not estimable
u3071.jpg;0;0;0;1;not estimable;not estimable;not estimable;not estimable;not estimable
u3073.jpg;0;0;0;1;not estimable;not estimable;not estimable;not estimable;not estimable
u3075.jpg;0;0;0;1;not estimable;not estimable;not estimable;not estimable;not estimable
u3077.jpg;0;0;0;1;not estimable;not estimable;not estimable;not estimable;not estimable
u3079.jpg;0;0;0;1;not estimable;not estimable;not estimable;not estimable;not estimable
u3081.jpg;0;0;0;1;not estimable;not estimable;not estimable;not estimable;not estimable
u3083.jpg;0;0;0;1;not estimable;not estimable;not estimable;not estimable;not estimable
u3085.jpg;0;0;0;1;not estimable;not estimable;not estimable;not estimable;not estimable
u3087.jpg;0;0;0;1;not estimable;not estimable;not estimable;not estimable;not estimable
u3089.jpg;0;0;0;1;not estimable;not estimable;not estimable;not estimable;not estimable
u3091.jpg;0;0;0;1;not estimable;not estimable;not estimable;not estimable;not estimable
u3093.jpg;0;0;0;1;not estimable;not estimable;not estimable;not estimable;not estimable
u3095.jpg;0;0;0;1;not estimable;not estimable;not estimable;not estimable;not estimable
u3097.jpg;0;0;0;1;not estimable;not estimable;not estimable;not estimable;not estimable
u3099.jpg;0;0;0;1;not estimable;not estimable;not estimable;not estimable;not estimable
u3101.jpg;0;0;0;1;not estimable;not estimable;not estimable;not estimable;not estimable
u3103.jpg;0;0;0;1;not estimable;not estimable;not estimable;not estimable;not estimable
u3105.jpg;0;0;0;1;not estimable;not estimable;not estimable;not estimable;not estimable
u3107.jpg;0;0;0;1;not estimable;not estimable;not estimable;not estimable;not estimable
u3109.jpg;0;0;0;1;not estimable;not estimable;not estimable;not estimable;not estimable
u3111.jpg;0;0;0;1;not estimable;not estimable;not estimable;not estimable;not estimable
u3113.jpg;0;0;0;1;not estimable;not estimable;not estimable;not estimable;not estimable
u3115.jpg;0;0;0;1;not estimable;not estimable;not estimable;not estimable;not estimable
u3117.jpg;0;0;0;1;not estimable;not estimable;not estimable;not estimable;not estimable
u3119.jpg;0;0;0;1;not estimable;not estimable;not estimable;not estimable;not estimable